Driver Name,Path,File,Line of Code
.,/home/wsh/linux/drivers/rtc/lib.o,lib.o,0
.,/home/wsh/linux/drivers/rtc/nvmem.o,nvmem.o,0
.,/home/wsh/linux/drivers/rtc/proc.o,proc.o,0
.,/home/wsh/linux/drivers/rtc/class.o,class.o,0
.,/home/wsh/linux/drivers/rtc/rtc-mc146818-lib.o,rtc-mc146818-lib.o,0
.,/home/wsh/linux/drivers/rtc/interface.o,interface.o,0
.,/home/wsh/linux/drivers/rtc/rtc-cmos.o,rtc-cmos.o,0
.,/home/wsh/linux/drivers/rtc/dev.o,dev.o,0
.,/home/wsh/linux/drivers/rtc/sysfs.o,sysfs.o,0
