Driver_Name,Path,File_Name,Line_of_Code
misc,/home/wsh/linux/drivers/misc/eeprom/eeprom_93cx6.o,eeprom_93cx6.o,0
misc,/home/wsh/linux/drivers/misc/mei/dma-ring.o,dma-ring.o,0
misc,/home/wsh/linux/drivers/misc/mei/hw-me.o,hw-me.o,0
misc,/home/wsh/linux/drivers/misc/mei/init.o,init.o,0
misc,/home/wsh/linux/drivers/misc/mei/bus-fixup.o,bus-fixup.o,0
misc,/home/wsh/linux/drivers/misc/mei/pci-me.o,pci-me.o,0
misc,/home/wsh/linux/drivers/misc/mei/bus.o,bus.o,0
misc,/home/wsh/linux/drivers/misc/mei/mei-trace.o,mei-trace.o,0
misc,/home/wsh/linux/drivers/misc/mei/interrupt.o,interrupt.o,0
misc,/home/wsh/linux/drivers/misc/mei/main.o,main.o,0
misc,/home/wsh/linux/drivers/misc/mei/hbm.o,hbm.o,0
misc,/home/wsh/linux/drivers/misc/mei/debugfs.o,debugfs.o,0
misc,/home/wsh/linux/drivers/misc/mei/client.o,client.o,0
dma-buf,/home/wsh/linux/drivers/dma-buf/dma-fence.o,dma-fence.o,0
dma-buf,/home/wsh/linux/drivers/dma-buf/dma-buf.o,dma-buf.o,0
dma-buf,/home/wsh/linux/drivers/dma-buf/dma-fence-unwrap.o,dma-fence-unwrap.o,0
dma-buf,/home/wsh/linux/drivers/dma-buf/sync_file.o,sync_file.o,0
dma-buf,/home/wsh/linux/drivers/dma-buf/dma-fence-chain.o,dma-fence-chain.o,0
dma-buf,/home/wsh/linux/drivers/dma-buf/dma-fence-array.o,dma-fence-array.o,0
dma-buf,/home/wsh/linux/drivers/dma-buf/dma-resv.o,dma-resv.o,0
pcmcia,/home/wsh/linux/drivers/pcmcia/cistpl.o,cistpl.o,0
pcmcia,/home/wsh/linux/drivers/pcmcia/pcmcia_resource.o,pcmcia_resource.o,0
pcmcia,/home/wsh/linux/drivers/pcmcia/socket_sysfs.o,socket_sysfs.o,0
pcmcia,/home/wsh/linux/drivers/pcmcia/pcmcia_cis.o,pcmcia_cis.o,0
pcmcia,/home/wsh/linux/drivers/pcmcia/yenta_socket.o,yenta_socket.o,0
pcmcia,/home/wsh/linux/drivers/pcmcia/cs.o,cs.o,0
pcmcia,/home/wsh/linux/drivers/pcmcia/cardbus.o,cardbus.o,0
pcmcia,/home/wsh/linux/drivers/pcmcia/rsrc_mgr.o,rsrc_mgr.o,0
pcmcia,/home/wsh/linux/drivers/pcmcia/ds.o,ds.o,0
pcmcia,/home/wsh/linux/drivers/pcmcia/rsrc_nonstatic.o,rsrc_nonstatic.o,0
leds,/home/wsh/linux/drivers/leds/led-core.o,led-core.o,0
leds,/home/wsh/linux/drivers/leds/led-class.o,led-class.o,0
leds,/home/wsh/linux/drivers/leds/led-triggers.o,led-triggers.o,0
hid,/home/wsh/linux/drivers/hid/hid-chicony.o,hid-chicony.o,0
hid,/home/wsh/linux/drivers/hid/hid-a4tech.o,hid-a4tech.o,0
hid,/home/wsh/linux/drivers/hid/hid-core.o,hid-core.o,0
hid,/home/wsh/linux/drivers/hid/hid-redragon.o,hid-redragon.o,0
hid,/home/wsh/linux/drivers/hid/hid-samsung.o,hid-samsung.o,0
hid,/home/wsh/linux/drivers/hid/hid-pl.o,hid-pl.o,0
hid,/home/wsh/linux/drivers/hid/hid-gyration.o,hid-gyration.o,0
hid,/home/wsh/linux/drivers/hid/hid-ntrig.o,hid-ntrig.o,0
hid,/home/wsh/linux/drivers/hid/hidraw.o,hidraw.o,0
hid,/home/wsh/linux/drivers/hid/hid-petalynx.o,hid-petalynx.o,0
hid,/home/wsh/linux/drivers/hid/hid-ezkey.o,hid-ezkey.o,0
hid,/home/wsh/linux/drivers/hid/hid-sony.o,hid-sony.o,0
hid,/home/wsh/linux/drivers/hid/hid-apple.o,hid-apple.o,0
hid,/home/wsh/linux/drivers/hid/hid-microsoft.o,hid-microsoft.o,0
hid,/home/wsh/linux/drivers/hid/hid-lgff.o,hid-lgff.o,0
hid,/home/wsh/linux/drivers/hid/hid-quirks.o,hid-quirks.o,0
hid,/home/wsh/linux/drivers/hid/hid-lg-g15.o,hid-lg-g15.o,0
hid,/home/wsh/linux/drivers/hid/hid-generic.o,hid-generic.o,0
hid,/home/wsh/linux/drivers/hid/hid-sunplus.o,hid-sunplus.o,0
hid,/home/wsh/linux/drivers/hid/hid-input.o,hid-input.o,0
hid,/home/wsh/linux/drivers/hid/hid-topseed.o,hid-topseed.o,0
hid,/home/wsh/linux/drivers/hid/hid-lg.o,hid-lg.o,0
hid,/home/wsh/linux/drivers/hid/hid-kensington.o,hid-kensington.o,0
hid,/home/wsh/linux/drivers/hid/hid-debug.o,hid-debug.o,0
hid,/home/wsh/linux/drivers/hid/hid-lg4ff.o,hid-lg4ff.o,0
hid,/home/wsh/linux/drivers/hid/hid-belkin.o,hid-belkin.o,0
hid,/home/wsh/linux/drivers/hid/hid-ite.o,hid-ite.o,0
hid,/home/wsh/linux/drivers/hid/hid-cypress.o,hid-cypress.o,0
hid,/home/wsh/linux/drivers/hid/hid-cherry.o,hid-cherry.o,0
hid,/home/wsh/linux/drivers/hid/hid-monterey.o,hid-monterey.o,0
hid,/home/wsh/linux/drivers/hid/usbhid/hid-core.o,hid-core.o,0
hid,/home/wsh/linux/drivers/hid/usbhid/hiddev.o,hiddev.o,0
hid,/home/wsh/linux/drivers/hid/usbhid/hid-pidff.o,hid-pidff.o,0
clocksource,/home/wsh/linux/drivers/clocksource/acpi_pm.o,acpi_pm.o,0
clocksource,/home/wsh/linux/drivers/clocksource/i8253.o,i8253.o,0
cpufreq,/home/wsh/linux/drivers/cpufreq/cpufreq_userspace.o,cpufreq_userspace.o,0
cpufreq,/home/wsh/linux/drivers/cpufreq/cpufreq_performance.o,cpufreq_performance.o,0
cpufreq,/home/wsh/linux/drivers/cpufreq/cpufreq_ondemand.o,cpufreq_ondemand.o,0
cpufreq,/home/wsh/linux/drivers/cpufreq/freq_table.o,freq_table.o,0
cpufreq,/home/wsh/linux/drivers/cpufreq/acpi-cpufreq.o,acpi-cpufreq.o,0
cpufreq,/home/wsh/linux/drivers/cpufreq/amd-pstate.o,amd-pstate.o,0
cpufreq,/home/wsh/linux/drivers/cpufreq/cpufreq_governor.o,cpufreq_governor.o,0
cpufreq,/home/wsh/linux/drivers/cpufreq/intel_pstate.o,intel_pstate.o,0
cpufreq,/home/wsh/linux/drivers/cpufreq/cpufreq_governor_attr_set.o,cpufreq_governor_attr_set.o,0
cpufreq,/home/wsh/linux/drivers/cpufreq/cpufreq.o,cpufreq.o,0
cpufreq,/home/wsh/linux/drivers/cpufreq/amd-pstate-trace.o,amd-pstate-trace.o,0
ptp,/home/wsh/linux/drivers/ptp/ptp_kvm_x86.o,ptp_kvm_x86.o,0
ptp,/home/wsh/linux/drivers/ptp/ptp_kvm_common.o,ptp_kvm_common.o,0
ptp,/home/wsh/linux/drivers/ptp/ptp_chardev.o,ptp_chardev.o,0
ptp,/home/wsh/linux/drivers/ptp/ptp_clock.o,ptp_clock.o,0
ptp,/home/wsh/linux/drivers/ptp/ptp_sysfs.o,ptp_sysfs.o,0
ptp,/home/wsh/linux/drivers/ptp/ptp_vclock.o,ptp_vclock.o,0
ptp,/home/wsh/linux/drivers/ptp/ptp_vmclock.o,ptp_vmclock.o,0
tty,/home/wsh/linux/drivers/tty/pty.o,pty.o,0
tty,/home/wsh/linux/drivers/tty/tty_audit.o,tty_audit.o,0
tty,/home/wsh/linux/drivers/tty/tty_buffer.o,tty_buffer.o,0
tty,/home/wsh/linux/drivers/tty/tty_baudrate.o,tty_baudrate.o,0
tty,/home/wsh/linux/drivers/tty/n_null.o,n_null.o,0
tty,/home/wsh/linux/drivers/tty/sysrq.o,sysrq.o,0
tty,/home/wsh/linux/drivers/tty/n_tty.o,n_tty.o,0
tty,/home/wsh/linux/drivers/tty/tty_port.o,tty_port.o,0
tty,/home/wsh/linux/drivers/tty/tty_ldisc.o,tty_ldisc.o,0
tty,/home/wsh/linux/drivers/tty/tty_io.o,tty_io.o,0
tty,/home/wsh/linux/drivers/tty/tty_ldsem.o,tty_ldsem.o,0
tty,/home/wsh/linux/drivers/tty/tty_mutex.o,tty_mutex.o,0
tty,/home/wsh/linux/drivers/tty/tty_ioctl.o,tty_ioctl.o,0
tty,/home/wsh/linux/drivers/tty/tty_jobctrl.o,tty_jobctrl.o,0
tty,/home/wsh/linux/drivers/tty/hvc/hvc_console.o,hvc_console.o,0
tty,/home/wsh/linux/drivers/tty/serial/earlycon.o,earlycon.o,0
tty,/home/wsh/linux/drivers/tty/serial/serial_port.o,serial_port.o,0
tty,/home/wsh/linux/drivers/tty/serial/serial_core.o,serial_core.o,0
tty,/home/wsh/linux/drivers/tty/serial/serial_base_bus.o,serial_base_bus.o,0
tty,/home/wsh/linux/drivers/tty/serial/serial_ctrl.o,serial_ctrl.o,0
tty,/home/wsh/linux/drivers/tty/serial/8250/8250_port.o,8250_port.o,0
tty,/home/wsh/linux/drivers/tty/serial/8250/8250_platform.o,8250_platform.o,0
tty,/home/wsh/linux/drivers/tty/serial/8250/8250_pnp.o,8250_pnp.o,0
tty,/home/wsh/linux/drivers/tty/serial/8250/8250_early.o,8250_early.o,0
tty,/home/wsh/linux/drivers/tty/serial/8250/8250_exar.o,8250_exar.o,0
tty,/home/wsh/linux/drivers/tty/serial/8250/8250_pericom.o,8250_pericom.o,0
tty,/home/wsh/linux/drivers/tty/serial/8250/8250_pcilib.o,8250_pcilib.o,0
tty,/home/wsh/linux/drivers/tty/serial/8250/8250_lpss.o,8250_lpss.o,0
tty,/home/wsh/linux/drivers/tty/serial/8250/8250_dwlib.o,8250_dwlib.o,0
tty,/home/wsh/linux/drivers/tty/serial/8250/8250_core.o,8250_core.o,0
tty,/home/wsh/linux/drivers/tty/serial/8250/8250_rsa.o,8250_rsa.o,0
tty,/home/wsh/linux/drivers/tty/serial/8250/8250_mid.o,8250_mid.o,0
tty,/home/wsh/linux/drivers/tty/serial/8250/8250_dma.o,8250_dma.o,0
tty,/home/wsh/linux/drivers/tty/serial/8250/8250_pci.o,8250_pci.o,0
tty,/home/wsh/linux/drivers/tty/vt/keyboard.o,keyboard.o,0
tty,/home/wsh/linux/drivers/tty/vt/selection.o,selection.o,0
tty,/home/wsh/linux/drivers/tty/vt/defkeymap.o,defkeymap.o,0
tty,/home/wsh/linux/drivers/tty/vt/vt.o,vt.o,0
tty,/home/wsh/linux/drivers/tty/vt/consolemap_deftbl.o,consolemap_deftbl.o,0
tty,/home/wsh/linux/drivers/tty/vt/consolemap.o,consolemap.o,0
tty,/home/wsh/linux/drivers/tty/vt/vt_ioctl.o,vt_ioctl.o,0
tty,/home/wsh/linux/drivers/tty/vt/vc_screen.o,vc_screen.o,0
nvmem,/home/wsh/linux/drivers/nvmem/core.o,core.o,0
firewire,/home/wsh/linux/drivers/firewire/init_ohci1394_dma.o,init_ohci1394_dma.o,0
ata,/home/wsh/linux/drivers/ata/ahci.o,ahci.o,0
ata,/home/wsh/linux/drivers/ata/libata-pata-timings.o,libata-pata-timings.o,0
ata,/home/wsh/linux/drivers/ata/libata-eh.o,libata-eh.o,0
ata,/home/wsh/linux/drivers/ata/libata-acpi.o,libata-acpi.o,0
ata,/home/wsh/linux/drivers/ata/libata-trace.o,libata-trace.o,0
ata,/home/wsh/linux/drivers/ata/libata-sff.o,libata-sff.o,0
ata,/home/wsh/linux/drivers/ata/pata_sch.o,pata_sch.o,0
ata,/home/wsh/linux/drivers/ata/libata-sata.o,libata-sata.o,0
ata,/home/wsh/linux/drivers/ata/libahci.o,libahci.o,0
ata,/home/wsh/linux/drivers/ata/libata-core.o,libata-core.o,0
ata,/home/wsh/linux/drivers/ata/pata_amd.o,pata_amd.o,0
ata,/home/wsh/linux/drivers/ata/libata-pmp.o,libata-pmp.o,0
ata,/home/wsh/linux/drivers/ata/libata-scsi.o,libata-scsi.o,0
ata,/home/wsh/linux/drivers/ata/libata-transport.o,libata-transport.o,0
ata,/home/wsh/linux/drivers/ata/pata_oldpiix.o,pata_oldpiix.o,0
ata,/home/wsh/linux/drivers/ata/ata_piix.o,ata_piix.o,0
usb,/home/wsh/linux/drivers/usb/storage/scsiglue.o,scsiglue.o,0
usb,/home/wsh/linux/drivers/usb/storage/usual-tables.o,usual-tables.o,0
usb,/home/wsh/linux/drivers/usb/storage/option_ms.o,option_ms.o,0
usb,/home/wsh/linux/drivers/usb/storage/usb.o,usb.o,0
usb,/home/wsh/linux/drivers/usb/storage/initializers.o,initializers.o,0
usb,/home/wsh/linux/drivers/usb/storage/transport.o,transport.o,0
usb,/home/wsh/linux/drivers/usb/storage/sierra_ms.o,sierra_ms.o,0
usb,/home/wsh/linux/drivers/usb/storage/protocol.o,protocol.o,0
usb,/home/wsh/linux/drivers/usb/class/usblp.o,usblp.o,0
usb,/home/wsh/linux/drivers/usb/common/common.o,common.o,0
usb,/home/wsh/linux/drivers/usb/common/debug.o,debug.o,0
usb,/home/wsh/linux/drivers/usb/host/xhci-dbg.o,xhci-dbg.o,0
usb,/home/wsh/linux/drivers/usb/host/ehci-pci.o,ehci-pci.o,0
usb,/home/wsh/linux/drivers/usb/host/xhci-ext-caps.o,xhci-ext-caps.o,0
usb,/home/wsh/linux/drivers/usb/host/xhci-pci.o,xhci-pci.o,0
usb,/home/wsh/linux/drivers/usb/host/xhci-hub.o,xhci-hub.o,0
usb,/home/wsh/linux/drivers/usb/host/xhci-mem.o,xhci-mem.o,0
usb,/home/wsh/linux/drivers/usb/host/pci-quirks.o,pci-quirks.o,0
usb,/home/wsh/linux/drivers/usb/host/xhci-trace.o,xhci-trace.o,0
usb,/home/wsh/linux/drivers/usb/host/xhci.o,xhci.o,0
usb,/home/wsh/linux/drivers/usb/host/xhci-ring.o,xhci-ring.o,0
usb,/home/wsh/linux/drivers/usb/host/ehci-hcd.o,ehci-hcd.o,0
usb,/home/wsh/linux/drivers/usb/host/uhci-hcd.o,uhci-hcd.o,0
usb,/home/wsh/linux/drivers/usb/host/ohci-hcd.o,ohci-hcd.o,0
usb,/home/wsh/linux/drivers/usb/host/ohci-pci.o,ohci-pci.o,0
usb,/home/wsh/linux/drivers/usb/host/xhci-debugfs.o,xhci-debugfs.o,0
usb,/home/wsh/linux/drivers/usb/core/notify.o,notify.o,0
usb,/home/wsh/linux/drivers/usb/core/hub.o,hub.o,0
usb,/home/wsh/linux/drivers/usb/core/hcd-pci.o,hcd-pci.o,0
usb,/home/wsh/linux/drivers/usb/core/usb.o,usb.o,0
usb,/home/wsh/linux/drivers/usb/core/file.o,file.o,0
usb,/home/wsh/linux/drivers/usb/core/urb.o,urb.o,0
usb,/home/wsh/linux/drivers/usb/core/hcd.o,hcd.o,0
usb,/home/wsh/linux/drivers/usb/core/devio.o,devio.o,0
usb,/home/wsh/linux/drivers/usb/core/generic.o,generic.o,0
usb,/home/wsh/linux/drivers/usb/core/endpoint.o,endpoint.o,0
usb,/home/wsh/linux/drivers/usb/core/quirks.o,quirks.o,0
usb,/home/wsh/linux/drivers/usb/core/devices.o,devices.o,0
usb,/home/wsh/linux/drivers/usb/core/usb-acpi.o,usb-acpi.o,0
usb,/home/wsh/linux/drivers/usb/core/message.o,message.o,0
usb,/home/wsh/linux/drivers/usb/core/phy.o,phy.o,0
usb,/home/wsh/linux/drivers/usb/core/config.o,config.o,0
usb,/home/wsh/linux/drivers/usb/core/driver.o,driver.o,0
usb,/home/wsh/linux/drivers/usb/core/sysfs.o,sysfs.o,0
usb,/home/wsh/linux/drivers/usb/core/buffer.o,buffer.o,0
usb,/home/wsh/linux/drivers/usb/core/port.o,port.o,0
usb,/home/wsh/linux/drivers/usb/mon/mon_text.o,mon_text.o,0
usb,/home/wsh/linux/drivers/usb/mon/mon_stat.o,mon_stat.o,0
usb,/home/wsh/linux/drivers/usb/mon/mon_main.o,mon_main.o,0
usb,/home/wsh/linux/drivers/usb/mon/mon_bin.o,mon_bin.o,0
usb,/home/wsh/linux/drivers/usb/early/ehci-dbgp.o,ehci-dbgp.o,0
cdrom,/home/wsh/linux/drivers/cdrom/cdrom.o,cdrom.o,0
scsi,/home/wsh/linux/drivers/scsi/scsi_error.o,scsi_error.o,0
scsi,/home/wsh/linux/drivers/scsi/scsi_lib.o,scsi_lib.o,0
scsi,/home/wsh/linux/drivers/scsi/scsi_devinfo.o,scsi_devinfo.o,0
scsi,/home/wsh/linux/drivers/scsi/sd.o,sd.o,0
scsi,/home/wsh/linux/drivers/scsi/scsicam.o,scsicam.o,0
scsi,/home/wsh/linux/drivers/scsi/scsi_logging.o,scsi_logging.o,0
scsi,/home/wsh/linux/drivers/scsi/sr.o,sr.o,0
scsi,/home/wsh/linux/drivers/scsi/scsi_debugfs.o,scsi_debugfs.o,0
scsi,/home/wsh/linux/drivers/scsi/scsi_bsg.o,scsi_bsg.o,0
scsi,/home/wsh/linux/drivers/scsi/scsi_lib_dma.o,scsi_lib_dma.o,0
scsi,/home/wsh/linux/drivers/scsi/scsi_ioctl.o,scsi_ioctl.o,0
scsi,/home/wsh/linux/drivers/scsi/constants.o,constants.o,0
scsi,/home/wsh/linux/drivers/scsi/scsi_sysctl.o,scsi_sysctl.o,0
scsi,/home/wsh/linux/drivers/scsi/scsi_common.o,scsi_common.o,0
scsi,/home/wsh/linux/drivers/scsi/sg.o,sg.o,0
scsi,/home/wsh/linux/drivers/scsi/scsi_proc.o,scsi_proc.o,0
scsi,/home/wsh/linux/drivers/scsi/scsi_sysfs.o,scsi_sysfs.o,0
scsi,/home/wsh/linux/drivers/scsi/scsi_trace.o,scsi_trace.o,0
scsi,/home/wsh/linux/drivers/scsi/scsi_transport_spi.o,scsi_transport_spi.o,0
scsi,/home/wsh/linux/drivers/scsi/hosts.o,hosts.o,0
scsi,/home/wsh/linux/drivers/scsi/virtio_scsi.o,virtio_scsi.o,0
scsi,/home/wsh/linux/drivers/scsi/scsi_pm.o,scsi_pm.o,0
scsi,/home/wsh/linux/drivers/scsi/scsi_scan.o,scsi_scan.o,0
scsi,/home/wsh/linux/drivers/scsi/scsi.o,scsi.o,0
scsi,/home/wsh/linux/drivers/scsi/sr_vendor.o,sr_vendor.o,0
scsi,/home/wsh/linux/drivers/scsi/sr_ioctl.o,sr_ioctl.o,0
hwmon,/home/wsh/linux/drivers/hwmon/hwmon.o,hwmon.o,0
cpuidle,/home/wsh/linux/drivers/cpuidle/governor.o,governor.o,0
cpuidle,/home/wsh/linux/drivers/cpuidle/cpuidle.o,cpuidle.o,0
cpuidle,/home/wsh/linux/drivers/cpuidle/poll_state.o,poll_state.o,0
cpuidle,/home/wsh/linux/drivers/cpuidle/cpuidle-haltpoll.o,cpuidle-haltpoll.o,0
cpuidle,/home/wsh/linux/drivers/cpuidle/driver.o,driver.o,0
cpuidle,/home/wsh/linux/drivers/cpuidle/sysfs.o,sysfs.o,0
cpuidle,/home/wsh/linux/drivers/cpuidle/governors/haltpoll.o,haltpoll.o,0
cpuidle,/home/wsh/linux/drivers/cpuidle/governors/menu.o,menu.o,0
rtc,/home/wsh/linux/drivers/rtc/lib.o,lib.o,0
rtc,/home/wsh/linux/drivers/rtc/nvmem.o,nvmem.o,0
rtc,/home/wsh/linux/drivers/rtc/proc.o,proc.o,0
rtc,/home/wsh/linux/drivers/rtc/class.o,class.o,0
rtc,/home/wsh/linux/drivers/rtc/rtc-mc146818-lib.o,rtc-mc146818-lib.o,0
rtc,/home/wsh/linux/drivers/rtc/interface.o,interface.o,0
rtc,/home/wsh/linux/drivers/rtc/rtc-cmos.o,rtc-cmos.o,0
rtc,/home/wsh/linux/drivers/rtc/dev.o,dev.o,0
rtc,/home/wsh/linux/drivers/rtc/sysfs.o,sysfs.o,0
block,/home/wsh/linux/drivers/block/loop.o,loop.o,0
block,/home/wsh/linux/drivers/block/virtio_blk.o,virtio_blk.o,0
platform,/home/wsh/linux/drivers/platform/x86/wmi-bmof.o,wmi-bmof.o,0
platform,/home/wsh/linux/drivers/platform/x86/p2sb.o,p2sb.o,0
platform,/home/wsh/linux/drivers/platform/x86/wmi.o,wmi.o,0
platform,/home/wsh/linux/drivers/platform/x86/eeepc-laptop.o,eeepc-laptop.o,0
mailbox,/home/wsh/linux/drivers/mailbox/mailbox.o,mailbox.o,0
mailbox,/home/wsh/linux/drivers/mailbox/pcc.o,pcc.o,0
base,/home/wsh/linux/drivers/base/trace.o,trace.o,0
base,/home/wsh/linux/drivers/base/dd.o,dd.o,0
base,/home/wsh/linux/drivers/base/attribute_container.o,attribute_container.o,0
base,/home/wsh/linux/drivers/base/cacheinfo.o,cacheinfo.o,0
base,/home/wsh/linux/drivers/base/auxiliary.o,auxiliary.o,0
base,/home/wsh/linux/drivers/base/init.o,init.o,0
base,/home/wsh/linux/drivers/base/node.o,node.o,0
base,/home/wsh/linux/drivers/base/devtmpfs.o,devtmpfs.o,0
base,/home/wsh/linux/drivers/base/core.o,core.o,0
base,/home/wsh/linux/drivers/base/physical_location.o,physical_location.o,0
base,/home/wsh/linux/drivers/base/syscore.o,syscore.o,0
base,/home/wsh/linux/drivers/base/class.o,class.o,0
base,/home/wsh/linux/drivers/base/bus.o,bus.o,0
base,/home/wsh/linux/drivers/base/component.o,component.o,0
base,/home/wsh/linux/drivers/base/cpu.o,cpu.o,0
base,/home/wsh/linux/drivers/base/platform.o,platform.o,0
base,/home/wsh/linux/drivers/base/container.o,container.o,0
base,/home/wsh/linux/drivers/base/topology.o,topology.o,0
base,/home/wsh/linux/drivers/base/property.o,property.o,0
base,/home/wsh/linux/drivers/base/swnode.o,swnode.o,0
base,/home/wsh/linux/drivers/base/auxiliary_sysfs.o,auxiliary_sysfs.o,0
base,/home/wsh/linux/drivers/base/devres.o,devres.o,0
base,/home/wsh/linux/drivers/base/module.o,module.o,0
base,/home/wsh/linux/drivers/base/map.o,map.o,0
base,/home/wsh/linux/drivers/base/transport_class.o,transport_class.o,0
base,/home/wsh/linux/drivers/base/platform-msi.o,platform-msi.o,0
base,/home/wsh/linux/drivers/base/driver.o,driver.o,0
base,/home/wsh/linux/drivers/base/firmware.o,firmware.o,0
base,/home/wsh/linux/drivers/base/faux.o,faux.o,0
base,/home/wsh/linux/drivers/base/regmap/regcache-maple.o,regcache-maple.o,0
base,/home/wsh/linux/drivers/base/regmap/regcache-flat.o,regcache-flat.o,0
base,/home/wsh/linux/drivers/base/regmap/regcache-rbtree.o,regcache-rbtree.o,0
base,/home/wsh/linux/drivers/base/regmap/regmap-debugfs.o,regmap-debugfs.o,0
base,/home/wsh/linux/drivers/base/regmap/regmap.o,regmap.o,0
base,/home/wsh/linux/drivers/base/regmap/regcache.o,regcache.o,0
base,/home/wsh/linux/drivers/base/firmware_loader/main.o,main.o,0
base,/home/wsh/linux/drivers/base/firmware_loader/builtin/main.o,main.o,0
base,/home/wsh/linux/drivers/base/power/trace.o,trace.o,0
base,/home/wsh/linux/drivers/base/power/wakeirq.o,wakeirq.o,0
base,/home/wsh/linux/drivers/base/power/runtime.o,runtime.o,0
base,/home/wsh/linux/drivers/base/power/common.o,common.o,0
base,/home/wsh/linux/drivers/base/power/wakeup.o,wakeup.o,0
base,/home/wsh/linux/drivers/base/power/wakeup_stats.o,wakeup_stats.o,0
base,/home/wsh/linux/drivers/base/power/generic_ops.o,generic_ops.o,0
base,/home/wsh/linux/drivers/base/power/main.o,main.o,0
base,/home/wsh/linux/drivers/base/power/qos.o,qos.o,0
base,/home/wsh/linux/drivers/base/power/sysfs.o,sysfs.o,0
net,/home/wsh/linux/drivers/net/loopback.o,loopback.o,0
net,/home/wsh/linux/drivers/net/netconsole.o,netconsole.o,0
net,/home/wsh/linux/drivers/net/virtio_net.o,virtio_net.o,0
net,/home/wsh/linux/drivers/net/net_failover.o,net_failover.o,0
net,/home/wsh/linux/drivers/net/mii.o,mii.o,0
net,/home/wsh/linux/drivers/net/phy/linkmode.o,linkmode.o,0
net,/home/wsh/linux/drivers/net/phy/fixed_phy.o,fixed_phy.o,0
net,/home/wsh/linux/drivers/net/phy/stubs.o,stubs.o,0
net,/home/wsh/linux/drivers/net/phy/mdio_device.o,mdio_device.o,0
net,/home/wsh/linux/drivers/net/phy/phy-core.o,phy-core.o,0
net,/home/wsh/linux/drivers/net/phy/phy-c45.o,phy-c45.o,0
net,/home/wsh/linux/drivers/net/phy/swphy.o,swphy.o,0
net,/home/wsh/linux/drivers/net/phy/mdio-boardinfo.o,mdio-boardinfo.o,0
net,/home/wsh/linux/drivers/net/phy/mdio_devres.o,mdio_devres.o,0
net,/home/wsh/linux/drivers/net/phy/phy_device.o,phy_device.o,0
net,/home/wsh/linux/drivers/net/phy/phy.o,phy.o,0
net,/home/wsh/linux/drivers/net/phy/phy_link_topology.o,phy_link_topology.o,0
net,/home/wsh/linux/drivers/net/phy/mdio_bus.o,mdio_bus.o,0
net,/home/wsh/linux/drivers/net/phy/realtek/realtek_main.o,realtek_main.o,0
net,/home/wsh/linux/drivers/net/phy/realtek/realtek_hwmon.o,realtek_hwmon.o,0
net,/home/wsh/linux/drivers/net/ethernet/intel/e100.o,e100.o,0
net,/home/wsh/linux/drivers/net/ethernet/intel/e1000e/netdev.o,netdev.o,0
net,/home/wsh/linux/drivers/net/ethernet/intel/e1000e/82571.o,82571.o,0
net,/home/wsh/linux/drivers/net/ethernet/intel/e1000e/mac.o,mac.o,0
net,/home/wsh/linux/drivers/net/ethernet/intel/e1000e/80003es2lan.o,80003es2lan.o,0
net,/home/wsh/linux/drivers/net/ethernet/intel/e1000e/ptp.o,ptp.o,0
net,/home/wsh/linux/drivers/net/ethernet/intel/e1000e/ethtool.o,ethtool.o,0
net,/home/wsh/linux/drivers/net/ethernet/intel/e1000e/manage.o,manage.o,0
net,/home/wsh/linux/drivers/net/ethernet/intel/e1000e/nvm.o,nvm.o,0
net,/home/wsh/linux/drivers/net/ethernet/intel/e1000e/phy.o,phy.o,0
net,/home/wsh/linux/drivers/net/ethernet/intel/e1000e/ich8lan.o,ich8lan.o,0
net,/home/wsh/linux/drivers/net/ethernet/intel/e1000e/param.o,param.o,0
net,/home/wsh/linux/drivers/net/ethernet/intel/e1000/e1000_hw.o,e1000_hw.o,0
net,/home/wsh/linux/drivers/net/ethernet/intel/e1000/e1000_param.o,e1000_param.o,0
net,/home/wsh/linux/drivers/net/ethernet/intel/e1000/e1000_main.o,e1000_main.o,0
net,/home/wsh/linux/drivers/net/ethernet/intel/e1000/e1000_ethtool.o,e1000_ethtool.o,0
net,/home/wsh/linux/drivers/net/ethernet/broadcom/tg3.o,tg3.o,0
net,/home/wsh/linux/drivers/net/ethernet/marvell/sky2.o,sky2.o,0
net,/home/wsh/linux/drivers/net/ethernet/nvidia/forcedeth.o,forcedeth.o,0
net,/home/wsh/linux/drivers/net/ethernet/realtek/r8169_phy_config.o,r8169_phy_config.o,0
net,/home/wsh/linux/drivers/net/ethernet/realtek/r8169_main.o,r8169_main.o,0
net,/home/wsh/linux/drivers/net/ethernet/realtek/8139too.o,8139too.o,0
net,/home/wsh/linux/drivers/net/ethernet/realtek/r8169_firmware.o,r8169_firmware.o,0
net,/home/wsh/linux/drivers/net/mdio/fwnode_mdio.o,fwnode_mdio.o,0
net,/home/wsh/linux/drivers/net/mdio/acpi_mdio.o,acpi_mdio.o,0
connector,/home/wsh/linux/drivers/connector/connector.o,connector.o,0
connector,/home/wsh/linux/drivers/connector/cn_queue.o,cn_queue.o,0
connector,/home/wsh/linux/drivers/connector/cn_proc.o,cn_proc.o,0
i2c,/home/wsh/linux/drivers/i2c/i2c-smbus.o,i2c-smbus.o,0
i2c,/home/wsh/linux/drivers/i2c/i2c-boardinfo.o,i2c-boardinfo.o,0
i2c,/home/wsh/linux/drivers/i2c/i2c-core-smbus.o,i2c-core-smbus.o,0
i2c,/home/wsh/linux/drivers/i2c/i2c-core-base.o,i2c-core-base.o,0
i2c,/home/wsh/linux/drivers/i2c/i2c-core-acpi.o,i2c-core-acpi.o,0
i2c,/home/wsh/linux/drivers/i2c/algos/i2c-algo-bit.o,i2c-algo-bit.o,0
i2c,/home/wsh/linux/drivers/i2c/busses/i2c-i801.o,i2c-i801.o,0
iommu,/home/wsh/linux/drivers/iommu/iommu-sysfs.o,iommu-sysfs.o,0
iommu,/home/wsh/linux/drivers/iommu/dma-iommu.o,dma-iommu.o,0
iommu,/home/wsh/linux/drivers/iommu/io-pgtable.o,io-pgtable.o,0
iommu,/home/wsh/linux/drivers/iommu/iommu-traces.o,iommu-traces.o,0
iommu,/home/wsh/linux/drivers/iommu/iova.o,iova.o,0
iommu,/home/wsh/linux/drivers/iommu/iommu-sva.o,iommu-sva.o,0
iommu,/home/wsh/linux/drivers/iommu/io-pgfault.o,io-pgfault.o,0
iommu,/home/wsh/linux/drivers/iommu/iommu.o,iommu.o,0
iommu,/home/wsh/linux/drivers/iommu/intel/trace.o,trace.o,0
iommu,/home/wsh/linux/drivers/iommu/intel/pasid.o,pasid.o,0
iommu,/home/wsh/linux/drivers/iommu/intel/nested.o,nested.o,0
iommu,/home/wsh/linux/drivers/iommu/intel/prq.o,prq.o,0
iommu,/home/wsh/linux/drivers/iommu/intel/cache.o,cache.o,0
iommu,/home/wsh/linux/drivers/iommu/intel/dmar.o,dmar.o,0
iommu,/home/wsh/linux/drivers/iommu/intel/perfmon.o,perfmon.o,0
iommu,/home/wsh/linux/drivers/iommu/intel/iommu.o,iommu.o,0
iommu,/home/wsh/linux/drivers/iommu/amd/pasid.o,pasid.o,0
iommu,/home/wsh/linux/drivers/iommu/amd/init.o,init.o,0
iommu,/home/wsh/linux/drivers/iommu/amd/io_pgtable.o,io_pgtable.o,0
iommu,/home/wsh/linux/drivers/iommu/amd/ppr.o,ppr.o,0
iommu,/home/wsh/linux/drivers/iommu/amd/io_pgtable_v2.o,io_pgtable_v2.o,0
iommu,/home/wsh/linux/drivers/iommu/amd/quirks.o,quirks.o,0
iommu,/home/wsh/linux/drivers/iommu/amd/iommu.o,iommu.o,0
dma,/home/wsh/linux/drivers/dma/dmaengine.o,dmaengine.o,0
dma,/home/wsh/linux/drivers/dma/virt-dma.o,virt-dma.o,0
dma,/home/wsh/linux/drivers/dma/acpi-dma.o,acpi-dma.o,0
dma,/home/wsh/linux/drivers/dma/dw/idma32.o,idma32.o,0
dma,/home/wsh/linux/drivers/dma/dw/core.o,core.o,0
dma,/home/wsh/linux/drivers/dma/dw/acpi.o,acpi.o,0
dma,/home/wsh/linux/drivers/dma/dw/dw.o,dw.o,0
dma,/home/wsh/linux/drivers/dma/hsu/hsu.o,hsu.o,0
pps,/home/wsh/linux/drivers/pps/pps.o,pps.o,0
pps,/home/wsh/linux/drivers/pps/kapi.o,kapi.o,0
pps,/home/wsh/linux/drivers/pps/sysfs.o,sysfs.o,0
pnp,/home/wsh/linux/drivers/pnp/resource.o,resource.o,0
pnp,/home/wsh/linux/drivers/pnp/card.o,card.o,0
pnp,/home/wsh/linux/drivers/pnp/core.o,core.o,0
pnp,/home/wsh/linux/drivers/pnp/support.o,support.o,0
pnp,/home/wsh/linux/drivers/pnp/interface.o,interface.o,0
pnp,/home/wsh/linux/drivers/pnp/manager.o,manager.o,0
pnp,/home/wsh/linux/drivers/pnp/system.o,system.o,0
pnp,/home/wsh/linux/drivers/pnp/quirks.o,quirks.o,0
pnp,/home/wsh/linux/drivers/pnp/driver.o,driver.o,0
pnp,/home/wsh/linux/drivers/pnp/pnpacpi/core.o,core.o,0
pnp,/home/wsh/linux/drivers/pnp/pnpacpi/rsparser.o,rsparser.o,0
macintosh,/home/wsh/linux/drivers/macintosh/mac_hid.o,mac_hid.o,0
acpi,/home/wsh/linux/drivers/acpi/glue.o,glue.o,0
acpi,/home/wsh/linux/drivers/acpi/acpi_video.o,acpi_video.o,0
acpi,/home/wsh/linux/drivers/acpi/scan.o,scan.o,0
acpi,/home/wsh/linux/drivers/acpi/resource.o,resource.o,0
acpi,/home/wsh/linux/drivers/acpi/processor_throttling.o,processor_throttling.o,0
acpi,/home/wsh/linux/drivers/acpi/processor_pdc.o,processor_pdc.o,0
acpi,/home/wsh/linux/drivers/acpi/ec.o,ec.o,0
acpi,/home/wsh/linux/drivers/acpi/power.o,power.o,0
acpi,/home/wsh/linux/drivers/acpi/osi.o,osi.o,0
acpi,/home/wsh/linux/drivers/acpi/nvs.o,nvs.o,0
acpi,/home/wsh/linux/drivers/acpi/thermal_lib.o,thermal_lib.o,0
acpi,/home/wsh/linux/drivers/acpi/acpi_memhotplug.o,acpi_memhotplug.o,0
acpi,/home/wsh/linux/drivers/acpi/nhlt.o,nhlt.o,0
acpi,/home/wsh/linux/drivers/acpi/fan_hwmon.o,fan_hwmon.o,0
acpi,/home/wsh/linux/drivers/acpi/evged.o,evged.o,0
acpi,/home/wsh/linux/drivers/acpi/fan_core.o,fan_core.o,0
acpi,/home/wsh/linux/drivers/acpi/osl.o,osl.o,0
acpi,/home/wsh/linux/drivers/acpi/sleep.o,sleep.o,0
acpi,/home/wsh/linux/drivers/acpi/device_sysfs.o,device_sysfs.o,0
acpi,/home/wsh/linux/drivers/acpi/wakeup.o,wakeup.o,0
acpi,/home/wsh/linux/drivers/acpi/device_pm.o,device_pm.o,0
acpi,/home/wsh/linux/drivers/acpi/processor_perflib.o,processor_perflib.o,0
acpi,/home/wsh/linux/drivers/acpi/acpi_apd.o,acpi_apd.o,0
acpi,/home/wsh/linux/drivers/acpi/proc.o,proc.o,0
acpi,/home/wsh/linux/drivers/acpi/processor_thermal.o,processor_thermal.o,0
acpi,/home/wsh/linux/drivers/acpi/mipi-disco-img.o,mipi-disco-img.o,0
acpi,/home/wsh/linux/drivers/acpi/dock.o,dock.o,0
acpi,/home/wsh/linux/drivers/acpi/ac.o,ac.o,0
acpi,/home/wsh/linux/drivers/acpi/spcr.o,spcr.o,0
acpi,/home/wsh/linux/drivers/acpi/bus.o,bus.o,0
acpi,/home/wsh/linux/drivers/acpi/button.o,button.o,0
acpi,/home/wsh/linux/drivers/acpi/cppc_acpi.o,cppc_acpi.o,0
acpi,/home/wsh/linux/drivers/acpi/pci_root.o,pci_root.o,0
acpi,/home/wsh/linux/drivers/acpi/bgrt.o,bgrt.o,0
acpi,/home/wsh/linux/drivers/acpi/tables.o,tables.o,0
acpi,/home/wsh/linux/drivers/acpi/fan_attr.o,fan_attr.o,0
acpi,/home/wsh/linux/drivers/acpi/reboot.o,reboot.o,0
acpi,/home/wsh/linux/drivers/acpi/container.o,container.o,0
acpi,/home/wsh/linux/drivers/acpi/property.o,property.o,0
acpi,/home/wsh/linux/drivers/acpi/acpi_lpit.o,acpi_lpit.o,0
acpi,/home/wsh/linux/drivers/acpi/utils.o,utils.o,0
acpi,/home/wsh/linux/drivers/acpi/ioapic.o,ioapic.o,0
acpi,/home/wsh/linux/drivers/acpi/processor_core.o,processor_core.o,0
acpi,/home/wsh/linux/drivers/acpi/acpi_processor.o,acpi_processor.o,0
acpi,/home/wsh/linux/drivers/acpi/thermal.o,thermal.o,0
acpi,/home/wsh/linux/drivers/acpi/debugfs.o,debugfs.o,0
acpi,/home/wsh/linux/drivers/acpi/processor_idle.o,processor_idle.o,0
acpi,/home/wsh/linux/drivers/acpi/prmt.o,prmt.o,0
acpi,/home/wsh/linux/drivers/acpi/acpi_pcc.o,acpi_pcc.o,0
acpi,/home/wsh/linux/drivers/acpi/event.o,event.o,0
acpi,/home/wsh/linux/drivers/acpi/sysfs.o,sysfs.o,0
acpi,/home/wsh/linux/drivers/acpi/acpi_platform.o,acpi_platform.o,0
acpi,/home/wsh/linux/drivers/acpi/pci_link.o,pci_link.o,0
acpi,/home/wsh/linux/drivers/acpi/processor_driver.o,processor_driver.o,0
acpi,/home/wsh/linux/drivers/acpi/pci_irq.o,pci_irq.o,0
acpi,/home/wsh/linux/drivers/acpi/battery.o,battery.o,0
acpi,/home/wsh/linux/drivers/acpi/acpi_pnp.o,acpi_pnp.o,0
acpi,/home/wsh/linux/drivers/acpi/video_detect.o,video_detect.o,0
acpi,/home/wsh/linux/drivers/acpi/acpi_lpat.o,acpi_lpat.o,0
acpi,/home/wsh/linux/drivers/acpi/acpica/nsobject.o,nsobject.o,0
acpi,/home/wsh/linux/drivers/acpi/acpica/utpredef.o,utpredef.o,0
acpi,/home/wsh/linux/drivers/acpi/acpica/utresrc.o,utresrc.o,0
acpi,/home/wsh/linux/drivers/acpi/acpica/utcksum.o,utcksum.o,0
acpi,/home/wsh/linux/drivers/acpi/acpica/utdecode.o,utdecode.o,0
acpi,/home/wsh/linux/drivers/acpi/acpica/hwesleep.o,hwesleep.o,0
acpi,/home/wsh/linux/drivers/acpi/acpica/rscreate.o,rscreate.o,0
acpi,/home/wsh/linux/drivers/acpi/acpica/nsparse.o,nsparse.o,0
acpi,/home/wsh/linux/drivers/acpi/acpica/psobject.o,psobject.o,0
acpi,/home/wsh/linux/drivers/acpi/acpica/nsrepair.o,nsrepair.o,0
acpi,/home/wsh/linux/drivers/acpi/acpica/rsmemory.o,rsmemory.o,0
acpi,/home/wsh/linux/drivers/acpi/acpica/nsaccess.o,nsaccess.o,0
acpi,/home/wsh/linux/drivers/acpi/acpica/tbutils.o,tbutils.o,0
acpi,/home/wsh/linux/drivers/acpi/acpica/tbinstal.o,tbinstal.o,0
acpi,/home/wsh/linux/drivers/acpi/acpica/exsystem.o,exsystem.o,0
acpi,/home/wsh/linux/drivers/acpi/acpica/exstoren.o,exstoren.o,0
acpi,/home/wsh/linux/drivers/acpi/acpica/utmutex.o,utmutex.o,0
acpi,/home/wsh/linux/drivers/acpi/acpica/nsrepair2.o,nsrepair2.o,0
acpi,/home/wsh/linux/drivers/acpi/acpica/exoparg6.o,exoparg6.o,0
acpi,/home/wsh/linux/drivers/acpi/acpica/evgpeutil.o,evgpeutil.o,0
acpi,/home/wsh/linux/drivers/acpi/acpica/psargs.o,psargs.o,0
acpi,/home/wsh/linux/drivers/acpi/acpica/uthex.o,uthex.o,0
acpi,/home/wsh/linux/drivers/acpi/acpica/evhandler.o,evhandler.o,0
acpi,/home/wsh/linux/drivers/acpi/acpica/psxface.o,psxface.o,0
acpi,/home/wsh/linux/drivers/acpi/acpica/exstore.o,exstore.o,0
acpi,/home/wsh/linux/drivers/acpi/acpica/exconcat.o,exconcat.o,0
acpi,/home/wsh/linux/drivers/acpi/acpica/utnonansi.o,utnonansi.o,0
acpi,/home/wsh/linux/drivers/acpi/acpica/nsxfname.o,nsxfname.o,0
acpi,/home/wsh/linux/drivers/acpi/acpica/nsprepkg.o,nsprepkg.o,0
acpi,/home/wsh/linux/drivers/acpi/acpica/hwgpe.o,hwgpe.o,0
acpi,/home/wsh/linux/drivers/acpi/acpica/evxfevnt.o,evxfevnt.o,0
acpi,/home/wsh/linux/drivers/acpi/acpica/utstrtoul64.o,utstrtoul64.o,0
acpi,/home/wsh/linux/drivers/acpi/acpica/tbxfload.o,tbxfload.o,0
acpi,/home/wsh/linux/drivers/acpi/acpica/utascii.o,utascii.o,0
acpi,/home/wsh/linux/drivers/acpi/acpica/utalloc.o,utalloc.o,0
acpi,/home/wsh/linux/drivers/acpi/acpica/rsaddr.o,rsaddr.o,0
acpi,/home/wsh/linux/drivers/acpi/acpica/exfldio.o,exfldio.o,0
acpi,/home/wsh/linux/drivers/acpi/acpica/utexcep.o,utexcep.o,0
acpi,/home/wsh/linux/drivers/acpi/acpica/nsxfeval.o,nsxfeval.o,0
acpi,/home/wsh/linux/drivers/acpi/acpica/utstrsuppt.o,utstrsuppt.o,0
acpi,/home/wsh/linux/drivers/acpi/acpica/exregion.o,exregion.o,0
acpi,/home/wsh/linux/drivers/acpi/acpica/utstring.o,utstring.o,0
acpi,/home/wsh/linux/drivers/acpi/acpica/utownerid.o,utownerid.o,0
acpi,/home/wsh/linux/drivers/acpi/acpica/tbxfroot.o,tbxfroot.o,0
acpi,/home/wsh/linux/drivers/acpi/acpica/rsmisc.o,rsmisc.o,0
acpi,/home/wsh/linux/drivers/acpi/acpica/nsarguments.o,nsarguments.o,0
acpi,/home/wsh/linux/drivers/acpi/acpica/utmisc.o,utmisc.o,0
acpi,/home/wsh/linux/drivers/acpi/acpica/exconfig.o,exconfig.o,0
acpi,/home/wsh/linux/drivers/acpi/acpica/uterror.o,uterror.o,0
acpi,/home/wsh/linux/drivers/acpi/acpica/dsargs.o,dsargs.o,0
acpi,/home/wsh/linux/drivers/acpi/acpica/utxfinit.o,utxfinit.o,0
acpi,/home/wsh/linux/drivers/acpi/acpica/dswload.o,dswload.o,0
acpi,/home/wsh/linux/drivers/acpi/acpica/utinit.o,utinit.o,0
acpi,/home/wsh/linux/drivers/acpi/acpica/exmutex.o,exmutex.o,0
acpi,/home/wsh/linux/drivers/acpi/acpica/utosi.o,utosi.o,0
acpi,/home/wsh/linux/drivers/acpi/acpica/nsutils.o,nsutils.o,0
acpi,/home/wsh/linux/drivers/acpi/acpica/dsdebug.o,dsdebug.o,0
acpi,/home/wsh/linux/drivers/acpi/acpica/utids.o,utids.o,0
acpi,/home/wsh/linux/drivers/acpi/acpica/utxface.o,utxface.o,0
acpi,/home/wsh/linux/drivers/acpi/acpica/exutils.o,exutils.o,0
acpi,/home/wsh/linux/drivers/acpi/acpica/nsdump.o,nsdump.o,0
acpi,/home/wsh/linux/drivers/acpi/acpica/exdump.o,exdump.o,0
acpi,/home/wsh/linux/drivers/acpi/acpica/exresolv.o,exresolv.o,0
acpi,/home/wsh/linux/drivers/acpi/acpica/exconvrt.o,exconvrt.o,0
acpi,/home/wsh/linux/drivers/acpi/acpica/rsdumpinfo.o,rsdumpinfo.o,0
acpi,/home/wsh/linux/drivers/acpi/acpica/nsalloc.o,nsalloc.o,0
acpi,/home/wsh/linux/drivers/acpi/acpica/nsnames.o,nsnames.o,0
acpi,/home/wsh/linux/drivers/acpi/acpica/evevent.o,evevent.o,0
acpi,/home/wsh/linux/drivers/acpi/acpica/dspkginit.o,dspkginit.o,0
acpi,/home/wsh/linux/drivers/acpi/acpica/rsserial.o,rsserial.o,0
acpi,/home/wsh/linux/drivers/acpi/acpica/pstree.o,pstree.o,0
acpi,/home/wsh/linux/drivers/acpi/acpica/utlock.o,utlock.o,0
acpi,/home/wsh/linux/drivers/acpi/acpica/utobject.o,utobject.o,0
acpi,/home/wsh/linux/drivers/acpi/acpica/exoparg1.o,exoparg1.o,0
acpi,/home/wsh/linux/drivers/acpi/acpica/tbprint.o,tbprint.o,0
acpi,/home/wsh/linux/drivers/acpi/acpica/exserial.o,exserial.o,0
acpi,/home/wsh/linux/drivers/acpi/acpica/nseval.o,nseval.o,0
acpi,/home/wsh/linux/drivers/acpi/acpica/utdelete.o,utdelete.o,0
acpi,/home/wsh/linux/drivers/acpi/acpica/excreate.o,excreate.o,0
acpi,/home/wsh/linux/drivers/acpi/acpica/hwacpi.o,hwacpi.o,0
acpi,/home/wsh/linux/drivers/acpi/acpica/evsci.o,evsci.o,0
acpi,/home/wsh/linux/drivers/acpi/acpica/extrace.o,extrace.o,0
acpi,/home/wsh/linux/drivers/acpi/acpica/utglobal.o,utglobal.o,0
acpi,/home/wsh/linux/drivers/acpi/acpica/utresdecode.o,utresdecode.o,0
acpi,/home/wsh/linux/drivers/acpi/acpica/exmisc.o,exmisc.o,0
acpi,/home/wsh/linux/drivers/acpi/acpica/hwsleep.o,hwsleep.o,0
acpi,/home/wsh/linux/drivers/acpi/acpica/hwxfsleep.o,hwxfsleep.o,0
acpi,/home/wsh/linux/drivers/acpi/acpica/hwregs.o,hwregs.o,0
acpi,/home/wsh/linux/drivers/acpi/acpica/tbdata.o,tbdata.o,0
acpi,/home/wsh/linux/drivers/acpi/acpica/evgpeblk.o,evgpeblk.o,0
acpi,/home/wsh/linux/drivers/acpi/acpica/evglock.o,evglock.o,0
acpi,/home/wsh/linux/drivers/acpi/acpica/utxferror.o,utxferror.o,0
acpi,/home/wsh/linux/drivers/acpi/acpica/nsconvert.o,nsconvert.o,0
acpi,/home/wsh/linux/drivers/acpi/acpica/dscontrol.o,dscontrol.o,0
acpi,/home/wsh/linux/drivers/acpi/acpica/rsutils.o,rsutils.o,0
acpi,/home/wsh/linux/drivers/acpi/acpica/utdebug.o,utdebug.o,0
acpi,/home/wsh/linux/drivers/acpi/acpica/exresnte.o,exresnte.o,0
acpi,/home/wsh/linux/drivers/acpi/acpica/rscalc.o,rscalc.o,0
acpi,/home/wsh/linux/drivers/acpi/acpica/dsfield.o,dsfield.o,0
acpi,/home/wsh/linux/drivers/acpi/acpica/hwvalid.o,hwvalid.o,0
acpi,/home/wsh/linux/drivers/acpi/acpica/dsopcode.o,dsopcode.o,0
acpi,/home/wsh/linux/drivers/acpi/acpica/rsxface.o,rsxface.o,0
acpi,/home/wsh/linux/drivers/acpi/acpica/psopcode.o,psopcode.o,0
acpi,/home/wsh/linux/drivers/acpi/acpica/evrgnini.o,evrgnini.o,0
acpi,/home/wsh/linux/drivers/acpi/acpica/tbfadt.o,tbfadt.o,0
acpi,/home/wsh/linux/drivers/acpi/acpica/nswalk.o,nswalk.o,0
acpi,/home/wsh/linux/drivers/acpi/acpica/tbxface.o,tbxface.o,0
acpi,/home/wsh/linux/drivers/acpi/acpica/utstate.o,utstate.o,0
acpi,/home/wsh/linux/drivers/acpi/acpica/psscope.o,psscope.o,0
acpi,/home/wsh/linux/drivers/acpi/acpica/nspredef.o,nspredef.o,0
acpi,/home/wsh/linux/drivers/acpi/acpica/dswscope.o,dswscope.o,0
acpi,/home/wsh/linux/drivers/acpi/acpica/exresop.o,exresop.o,0
acpi,/home/wsh/linux/drivers/acpi/acpica/evxfgpe.o,evxfgpe.o,0
acpi,/home/wsh/linux/drivers/acpi/acpica/utmath.o,utmath.o,0
acpi,/home/wsh/linux/drivers/acpi/acpica/dswload2.o,dswload2.o,0
acpi,/home/wsh/linux/drivers/acpi/acpica/nsinit.o,nsinit.o,0
acpi,/home/wsh/linux/drivers/acpi/acpica/exprep.o,exprep.o,0
acpi,/home/wsh/linux/drivers/acpi/acpica/utcopy.o,utcopy.o,0
acpi,/home/wsh/linux/drivers/acpi/acpica/utaddress.o,utaddress.o,0
acpi,/home/wsh/linux/drivers/acpi/acpica/dswexec.o,dswexec.o,0
acpi,/home/wsh/linux/drivers/acpi/acpica/evgpe.o,evgpe.o,0
acpi,/home/wsh/linux/drivers/acpi/acpica/exfield.o,exfield.o,0
acpi,/home/wsh/linux/drivers/acpi/acpica/exoparg2.o,exoparg2.o,0
acpi,/home/wsh/linux/drivers/acpi/acpica/evxfregn.o,evxfregn.o,0
acpi,/home/wsh/linux/drivers/acpi/acpica/evxface.o,evxface.o,0
acpi,/home/wsh/linux/drivers/acpi/acpica/dsmthdat.o,dsmthdat.o,0
acpi,/home/wsh/linux/drivers/acpi/acpica/dsobject.o,dsobject.o,0
acpi,/home/wsh/linux/drivers/acpi/acpica/nssearch.o,nssearch.o,0
acpi,/home/wsh/linux/drivers/acpi/acpica/nsxfobj.o,nsxfobj.o,0
acpi,/home/wsh/linux/drivers/acpi/acpica/pswalk.o,pswalk.o,0
acpi,/home/wsh/linux/drivers/acpi/acpica/utbuffer.o,utbuffer.o,0
acpi,/home/wsh/linux/drivers/acpi/acpica/uteval.o,uteval.o,0
acpi,/home/wsh/linux/drivers/acpi/acpica/hwpci.o,hwpci.o,0
acpi,/home/wsh/linux/drivers/acpi/acpica/exoparg3.o,exoparg3.o,0
acpi,/home/wsh/linux/drivers/acpi/acpica/evgpeinit.o,evgpeinit.o,0
acpi,/home/wsh/linux/drivers/acpi/acpica/rslist.o,rslist.o,0
acpi,/home/wsh/linux/drivers/acpi/acpica/dsutils.o,dsutils.o,0
acpi,/home/wsh/linux/drivers/acpi/acpica/exnames.o,exnames.o,0
acpi,/home/wsh/linux/drivers/acpi/acpica/rsinfo.o,rsinfo.o,0
acpi,/home/wsh/linux/drivers/acpi/acpica/psutils.o,psutils.o,0
acpi,/home/wsh/linux/drivers/acpi/acpica/rsirq.o,rsirq.o,0
acpi,/home/wsh/linux/drivers/acpi/acpica/exstorob.o,exstorob.o,0
acpi,/home/wsh/linux/drivers/acpi/acpica/dswstate.o,dswstate.o,0
acpi,/home/wsh/linux/drivers/acpi/acpica/psopinfo.o,psopinfo.o,0
acpi,/home/wsh/linux/drivers/acpi/acpica/rsio.o,rsio.o,0
acpi,/home/wsh/linux/drivers/acpi/acpica/dsmethod.o,dsmethod.o,0
acpi,/home/wsh/linux/drivers/acpi/acpica/evmisc.o,evmisc.o,0
acpi,/home/wsh/linux/drivers/acpi/acpica/hwxface.o,hwxface.o,0
acpi,/home/wsh/linux/drivers/acpi/acpica/psparse.o,psparse.o,0
acpi,/home/wsh/linux/drivers/acpi/acpica/tbfind.o,tbfind.o,0
acpi,/home/wsh/linux/drivers/acpi/acpica/evregion.o,evregion.o,0
acpi,/home/wsh/linux/drivers/acpi/acpica/utxfmutex.o,utxfmutex.o,0
acpi,/home/wsh/linux/drivers/acpi/acpica/dsinit.o,dsinit.o,0
acpi,/home/wsh/linux/drivers/acpi/acpica/exdebug.o,exdebug.o,0
acpi,/home/wsh/linux/drivers/acpi/acpica/psloop.o,psloop.o,0
acpi,/home/wsh/linux/drivers/acpi/acpica/nsload.o,nsload.o,0
acpi,/home/wsh/linux/drivers/acpi/dptf/int340x_thermal.o,int340x_thermal.o,0
acpi,/home/wsh/linux/drivers/acpi/numa/srat.o,srat.o,0
acpi,/home/wsh/linux/drivers/acpi/x86/lpss.o,lpss.o,0
acpi,/home/wsh/linux/drivers/acpi/x86/blacklist.o,blacklist.o,0
acpi,/home/wsh/linux/drivers/acpi/x86/s2idle.o,s2idle.o,0
acpi,/home/wsh/linux/drivers/acpi/x86/apple.o,apple.o,0
acpi,/home/wsh/linux/drivers/acpi/x86/utils.o,utils.o,0
acpi,/home/wsh/linux/drivers/acpi/x86/cmos_rtc.o,cmos_rtc.o,0
pci,/home/wsh/linux/drivers/pci/vpd.o,vpd.o,0
pci,/home/wsh/linux/drivers/pci/remove.o,remove.o,0
pci,/home/wsh/linux/drivers/pci/search.o,search.o,0
pci,/home/wsh/linux/drivers/pci/pci-label.o,pci-label.o,0
pci,/home/wsh/linux/drivers/pci/pci-driver.o,pci-driver.o,0
pci,/home/wsh/linux/drivers/pci/ats.o,ats.o,0
pci,/home/wsh/linux/drivers/pci/iomap.o,iomap.o,0
pci,/home/wsh/linux/drivers/pci/probe.o,probe.o,0
pci,/home/wsh/linux/drivers/pci/mmap.o,mmap.o,0
pci,/home/wsh/linux/drivers/pci/setup-res.o,setup-res.o,0
pci,/home/wsh/linux/drivers/pci/slot.o,slot.o,0
pci,/home/wsh/linux/drivers/pci/pci.o,pci.o,0
pci,/home/wsh/linux/drivers/pci/pci-sysfs.o,pci-sysfs.o,0
pci,/home/wsh/linux/drivers/pci/proc.o,proc.o,0
pci,/home/wsh/linux/drivers/pci/rom.o,rom.o,0
pci,/home/wsh/linux/drivers/pci/bus.o,bus.o,0
pci,/home/wsh/linux/drivers/pci/vgaarb.o,vgaarb.o,0
pci,/home/wsh/linux/drivers/pci/irq.o,irq.o,0
pci,/home/wsh/linux/drivers/pci/pci-acpi.o,pci-acpi.o,0
pci,/home/wsh/linux/drivers/pci/host-bridge.o,host-bridge.o,0
pci,/home/wsh/linux/drivers/pci/access.o,access.o,0
pci,/home/wsh/linux/drivers/pci/quirks.o,quirks.o,0
pci,/home/wsh/linux/drivers/pci/devres.o,devres.o,0
pci,/home/wsh/linux/drivers/pci/setup-bus.o,setup-bus.o,0
pci,/home/wsh/linux/drivers/pci/vc.o,vc.o,0
pci,/home/wsh/linux/drivers/pci/msi/msi.o,msi.o,0
pci,/home/wsh/linux/drivers/pci/msi/pcidev_msi.o,pcidev_msi.o,0
pci,/home/wsh/linux/drivers/pci/msi/api.o,api.o,0
pci,/home/wsh/linux/drivers/pci/msi/irqdomain.o,irqdomain.o,0
pci,/home/wsh/linux/drivers/pci/hotplug/acpi_pcihp.o,acpi_pcihp.o,0
pci,/home/wsh/linux/drivers/pci/hotplug/pci_hotplug_core.o,pci_hotplug_core.o,0
pci,/home/wsh/linux/drivers/pci/pcie/aspm.o,aspm.o,0
pci,/home/wsh/linux/drivers/pci/pcie/pme.o,pme.o,0
pci,/home/wsh/linux/drivers/pci/pcie/bwctrl.o,bwctrl.o,0
pci,/home/wsh/linux/drivers/pci/pcie/rcec.o,rcec.o,0
pci,/home/wsh/linux/drivers/pci/pcie/portdrv.o,portdrv.o,0
gpu,/home/wsh/linux/drivers/gpu/drm/drm_flip_work.o,drm_flip_work.o,0
gpu,/home/wsh/linux/drivers/gpu/drm/drm_pci.o,drm_pci.o,0
gpu,/home/wsh/linux/drivers/gpu/drm/drm_atomic_uapi.o,drm_atomic_uapi.o,0
gpu,/home/wsh/linux/drivers/gpu/drm/drm_encoder_slave.o,drm_encoder_slave.o,0
gpu,/home/wsh/linux/drivers/gpu/drm/drm_color_mgmt.o,drm_color_mgmt.o,0
gpu,/home/wsh/linux/drivers/gpu/drm/drm_trace_points.o,drm_trace_points.o,0
gpu,/home/wsh/linux/drivers/gpu/drm/drm_modeset_lock.o,drm_modeset_lock.o,0
gpu,/home/wsh/linux/drivers/gpu/drm/drm_prime.o,drm_prime.o,0
gpu,/home/wsh/linux/drivers/gpu/drm/drm_gem_shmem_helper.o,drm_gem_shmem_helper.o,0
gpu,/home/wsh/linux/drivers/gpu/drm/drm_debugfs.o,drm_debugfs.o,0
gpu,/home/wsh/linux/drivers/gpu/drm/drm_mode_object.o,drm_mode_object.o,0
gpu,/home/wsh/linux/drivers/gpu/drm/drm_format_helper.o,drm_format_helper.o,0
gpu,/home/wsh/linux/drivers/gpu/drm/drm_vblank_work.o,drm_vblank_work.o,0
gpu,/home/wsh/linux/drivers/gpu/drm/drm_framebuffer.o,drm_framebuffer.o,0
gpu,/home/wsh/linux/drivers/gpu/drm/drm_dumb_buffers.o,drm_dumb_buffers.o,0
gpu,/home/wsh/linux/drivers/gpu/drm/drm_atomic_helper.o,drm_atomic_helper.o,0
gpu,/home/wsh/linux/drivers/gpu/drm/drm_displayid.o,drm_displayid.o,0
gpu,/home/wsh/linux/drivers/gpu/drm/drm_plane_helper.o,drm_plane_helper.o,0
gpu,/home/wsh/linux/drivers/gpu/drm/drm_crtc.o,drm_crtc.o,0
gpu,/home/wsh/linux/drivers/gpu/drm/drm_writeback.o,drm_writeback.o,0
gpu,/home/wsh/linux/drivers/gpu/drm/drm_self_refresh_helper.o,drm_self_refresh_helper.o,0
gpu,/home/wsh/linux/drivers/gpu/drm/drm_atomic_state_helper.o,drm_atomic_state_helper.o,0
gpu,/home/wsh/linux/drivers/gpu/drm/drm_debugfs_crc.o,drm_debugfs_crc.o,0
gpu,/home/wsh/linux/drivers/gpu/drm/drm_modeset_helper.o,drm_modeset_helper.o,0
gpu,/home/wsh/linux/drivers/gpu/drm/drm_modes.o,drm_modes.o,0
gpu,/home/wsh/linux/drivers/gpu/drm/drm_panel_orientation_quirks.o,drm_panel_orientation_quirks.o,0
gpu,/home/wsh/linux/drivers/gpu/drm/drm_mm.o,drm_mm.o,0
gpu,/home/wsh/linux/drivers/gpu/drm/drm_drv.o,drm_drv.o,0
gpu,/home/wsh/linux/drivers/gpu/drm/drm_rect.o,drm_rect.o,0
gpu,/home/wsh/linux/drivers/gpu/drm/drm_bridge.o,drm_bridge.o,0
gpu,/home/wsh/linux/drivers/gpu/drm/drm_file.o,drm_file.o,0
gpu,/home/wsh/linux/drivers/gpu/drm/drm_fourcc.o,drm_fourcc.o,0
gpu,/home/wsh/linux/drivers/gpu/drm/drm_mode_config.o,drm_mode_config.o,0
gpu,/home/wsh/linux/drivers/gpu/drm/drm_panel.o,drm_panel.o,0
gpu,/home/wsh/linux/drivers/gpu/drm/drm_sysfs.o,drm_sysfs.o,0
gpu,/home/wsh/linux/drivers/gpu/drm/drm_simple_kms_helper.o,drm_simple_kms_helper.o,0
gpu,/home/wsh/linux/drivers/gpu/drm/drm_probe_helper.o,drm_probe_helper.o,0
gpu,/home/wsh/linux/drivers/gpu/drm/drm_vblank.o,drm_vblank.o,0
gpu,/home/wsh/linux/drivers/gpu/drm/drm_cache.o,drm_cache.o,0
gpu,/home/wsh/linux/drivers/gpu/drm/drm_encoder.o,drm_encoder.o,0
gpu,/home/wsh/linux/drivers/gpu/drm/drm_ioc32.o,drm_ioc32.o,0
gpu,/home/wsh/linux/drivers/gpu/drm/drm_managed.o,drm_managed.o,0
gpu,/home/wsh/linux/drivers/gpu/drm/drm_blend.o,drm_blend.o,0
gpu,/home/wsh/linux/drivers/gpu/drm/drm_connector.o,drm_connector.o,0
gpu,/home/wsh/linux/drivers/gpu/drm/drm_mipi_dsi.o,drm_mipi_dsi.o,0
gpu,/home/wsh/linux/drivers/gpu/drm/drm_atomic.o,drm_atomic.o,0
gpu,/home/wsh/linux/drivers/gpu/drm/drm_vma_manager.o,drm_vma_manager.o,0
gpu,/home/wsh/linux/drivers/gpu/drm/drm_auth.o,drm_auth.o,0
gpu,/home/wsh/linux/drivers/gpu/drm/drm_edid.o,drm_edid.o,0
gpu,/home/wsh/linux/drivers/gpu/drm/drm_crtc_helper.o,drm_crtc_helper.o,0
gpu,/home/wsh/linux/drivers/gpu/drm/drm_ioctl.o,drm_ioctl.o,0
gpu,/home/wsh/linux/drivers/gpu/drm/drm_print.o,drm_print.o,0
gpu,/home/wsh/linux/drivers/gpu/drm/drm_plane.o,drm_plane.o,0
gpu,/home/wsh/linux/drivers/gpu/drm/drm_eld.o,drm_eld.o,0
gpu,/home/wsh/linux/drivers/gpu/drm/drm_damage_helper.o,drm_damage_helper.o,0
gpu,/home/wsh/linux/drivers/gpu/drm/drm_property.o,drm_property.o,0
gpu,/home/wsh/linux/drivers/gpu/drm/drm_gem.o,drm_gem.o,0
gpu,/home/wsh/linux/drivers/gpu/drm/drm_lease.o,drm_lease.o,0
gpu,/home/wsh/linux/drivers/gpu/drm/drm_gem_framebuffer_helper.o,drm_gem_framebuffer_helper.o,0
gpu,/home/wsh/linux/drivers/gpu/drm/drm_buddy.o,drm_buddy.o,0
gpu,/home/wsh/linux/drivers/gpu/drm/drm_kms_helper_common.o,drm_kms_helper_common.o,0
gpu,/home/wsh/linux/drivers/gpu/drm/drm_gem_atomic_helper.o,drm_gem_atomic_helper.o,0
gpu,/home/wsh/linux/drivers/gpu/drm/drm_syncobj.o,drm_syncobj.o,0
gpu,/home/wsh/linux/drivers/gpu/drm/ttm/ttm_device.o,ttm_device.o,0
gpu,/home/wsh/linux/drivers/gpu/drm/ttm/ttm_execbuf_util.o,ttm_execbuf_util.o,0
gpu,/home/wsh/linux/drivers/gpu/drm/ttm/ttm_bo_util.o,ttm_bo_util.o,0
gpu,/home/wsh/linux/drivers/gpu/drm/ttm/ttm_tt.o,ttm_tt.o,0
gpu,/home/wsh/linux/drivers/gpu/drm/ttm/ttm_resource.o,ttm_resource.o,0
gpu,/home/wsh/linux/drivers/gpu/drm/ttm/ttm_bo.o,ttm_bo.o,0
gpu,/home/wsh/linux/drivers/gpu/drm/ttm/ttm_sys_manager.o,ttm_sys_manager.o,0
gpu,/home/wsh/linux/drivers/gpu/drm/ttm/ttm_bo_vm.o,ttm_bo_vm.o,0
gpu,/home/wsh/linux/drivers/gpu/drm/ttm/ttm_agp_backend.o,ttm_agp_backend.o,0
gpu,/home/wsh/linux/drivers/gpu/drm/ttm/ttm_module.o,ttm_module.o,0
gpu,/home/wsh/linux/drivers/gpu/drm/ttm/ttm_pool.o,ttm_pool.o,0
gpu,/home/wsh/linux/drivers/gpu/drm/ttm/ttm_range_manager.o,ttm_range_manager.o,0
gpu,/home/wsh/linux/drivers/gpu/drm/display/drm_dp_mst_topology.o,drm_dp_mst_topology.o,0
gpu,/home/wsh/linux/drivers/gpu/drm/display/drm_hdmi_helper.o,drm_hdmi_helper.o,0
gpu,/home/wsh/linux/drivers/gpu/drm/display/drm_display_helper_mod.o,drm_display_helper_mod.o,0
gpu,/home/wsh/linux/drivers/gpu/drm/display/drm_scdc_helper.o,drm_scdc_helper.o,0
gpu,/home/wsh/linux/drivers/gpu/drm/display/drm_dp_helper.o,drm_dp_helper.o,0
gpu,/home/wsh/linux/drivers/gpu/drm/display/drm_hdcp_helper.o,drm_hdcp_helper.o,0
gpu,/home/wsh/linux/drivers/gpu/drm/display/drm_dsc_helper.o,drm_dsc_helper.o,0
gpu,/home/wsh/linux/drivers/gpu/drm/display/drm_dp_dual_mode_helper.o,drm_dp_dual_mode_helper.o,0
gpu,/home/wsh/linux/drivers/gpu/drm/bridge/panel.o,panel.o,0
gpu,/home/wsh/linux/drivers/gpu/drm/i915/i915_trace_points.o,i915_trace_points.o,0
gpu,/home/wsh/linux/drivers/gpu/drm/i915/i915_deps.o,i915_deps.o,0
gpu,/home/wsh/linux/drivers/gpu/drm/i915/i915_debugfs_params.o,i915_debugfs_params.o,0
gpu,/home/wsh/linux/drivers/gpu/drm/i915/i915_driver.o,i915_driver.o,0
gpu,/home/wsh/linux/drivers/gpu/drm/i915/i915_vgpu.o,i915_vgpu.o,0
gpu,/home/wsh/linux/drivers/gpu/drm/i915/vlv_sideband.o,vlv_sideband.o,0
gpu,/home/wsh/linux/drivers/gpu/drm/i915/i915_utils.o,i915_utils.o,0
gpu,/home/wsh/linux/drivers/gpu/drm/i915/i915_module.o,i915_module.o,0
gpu,/home/wsh/linux/drivers/gpu/drm/i915/i915_perf.o,i915_perf.o,0
gpu,/home/wsh/linux/drivers/gpu/drm/i915/intel_step.o,intel_step.o,0
gpu,/home/wsh/linux/drivers/gpu/drm/i915/intel_runtime_pm.o,intel_runtime_pm.o,0
gpu,/home/wsh/linux/drivers/gpu/drm/i915/i915_gem.o,i915_gem.o,0
gpu,/home/wsh/linux/drivers/gpu/drm/i915/i915_cmd_parser.o,i915_cmd_parser.o,0
gpu,/home/wsh/linux/drivers/gpu/drm/i915/intel_uncore.o,intel_uncore.o,0
gpu,/home/wsh/linux/drivers/gpu/drm/i915/i915_memcpy.o,i915_memcpy.o,0
gpu,/home/wsh/linux/drivers/gpu/drm/i915/i915_gem_ww.o,i915_gem_ww.o,0
gpu,/home/wsh/linux/drivers/gpu/drm/i915/i915_sw_fence_work.o,i915_sw_fence_work.o,0
gpu,/home/wsh/linux/drivers/gpu/drm/i915/i915_hwmon.o,i915_hwmon.o,0
gpu,/home/wsh/linux/drivers/gpu/drm/i915/i915_params.o,i915_params.o,0
gpu,/home/wsh/linux/drivers/gpu/drm/i915/i915_sysfs.o,i915_sysfs.o,0
gpu,/home/wsh/linux/drivers/gpu/drm/i915/vlv_suspend.o,vlv_suspend.o,0
gpu,/home/wsh/linux/drivers/gpu/drm/i915/intel_memory_region.o,intel_memory_region.o,0
gpu,/home/wsh/linux/drivers/gpu/drm/i915/intel_clock_gating.o,intel_clock_gating.o,0
gpu,/home/wsh/linux/drivers/gpu/drm/i915/i915_pmu.o,i915_pmu.o,0
gpu,/home/wsh/linux/drivers/gpu/drm/i915/i915_ioc32.o,i915_ioc32.o,0
gpu,/home/wsh/linux/drivers/gpu/drm/i915/i915_user_extensions.o,i915_user_extensions.o,0
gpu,/home/wsh/linux/drivers/gpu/drm/i915/i915_sw_fence.o,i915_sw_fence.o,0
gpu,/home/wsh/linux/drivers/gpu/drm/i915/intel_device_info.o,intel_device_info.o,0
gpu,/home/wsh/linux/drivers/gpu/drm/i915/intel_uncore_trace.o,intel_uncore_trace.o,0
gpu,/home/wsh/linux/drivers/gpu/drm/i915/i915_ioctl.o,i915_ioctl.o,0
gpu,/home/wsh/linux/drivers/gpu/drm/i915/intel_wakeref.o,intel_wakeref.o,0
gpu,/home/wsh/linux/drivers/gpu/drm/i915/i915_getparam.o,i915_getparam.o,0
gpu,/home/wsh/linux/drivers/gpu/drm/i915/intel_cpu_info.o,intel_cpu_info.o,0
gpu,/home/wsh/linux/drivers/gpu/drm/i915/i915_debugfs.o,i915_debugfs.o,0
gpu,/home/wsh/linux/drivers/gpu/drm/i915/i915_scatterlist.o,i915_scatterlist.o,0
gpu,/home/wsh/linux/drivers/gpu/drm/i915/intel_pcode.o,intel_pcode.o,0
gpu,/home/wsh/linux/drivers/gpu/drm/i915/i915_scheduler.o,i915_scheduler.o,0
gpu,/home/wsh/linux/drivers/gpu/drm/i915/i915_irq.o,i915_irq.o,0
gpu,/home/wsh/linux/drivers/gpu/drm/i915/i915_ttm_buddy_manager.o,i915_ttm_buddy_manager.o,0
gpu,/home/wsh/linux/drivers/gpu/drm/i915/i915_mm.o,i915_mm.o,0
gpu,/home/wsh/linux/drivers/gpu/drm/i915/i915_syncmap.o,i915_syncmap.o,0
gpu,/home/wsh/linux/drivers/gpu/drm/i915/i915_vma.o,i915_vma.o,0
gpu,/home/wsh/linux/drivers/gpu/drm/i915/i915_query.o,i915_query.o,0
gpu,/home/wsh/linux/drivers/gpu/drm/i915/i915_config.o,i915_config.o,0
gpu,/home/wsh/linux/drivers/gpu/drm/i915/intel_region_ttm.o,intel_region_ttm.o,0
gpu,/home/wsh/linux/drivers/gpu/drm/i915/i915_mitigations.o,i915_mitigations.o,0
gpu,/home/wsh/linux/drivers/gpu/drm/i915/i915_gpu_error.o,i915_gpu_error.o,0
gpu,/home/wsh/linux/drivers/gpu/drm/i915/i915_active.o,i915_active.o,0
gpu,/home/wsh/linux/drivers/gpu/drm/i915/i915_vma_resource.o,i915_vma_resource.o,0
gpu,/home/wsh/linux/drivers/gpu/drm/i915/i915_gem_evict.o,i915_gem_evict.o,0
gpu,/home/wsh/linux/drivers/gpu/drm/i915/i915_gem_gtt.o,i915_gem_gtt.o,0
gpu,/home/wsh/linux/drivers/gpu/drm/i915/i915_drm_client.o,i915_drm_client.o,0
gpu,/home/wsh/linux/drivers/gpu/drm/i915/i915_switcheroo.o,i915_switcheroo.o,0
gpu,/home/wsh/linux/drivers/gpu/drm/i915/i915_request.o,i915_request.o,0
gpu,/home/wsh/linux/drivers/gpu/drm/i915/intel_sbi.o,intel_sbi.o,0
gpu,/home/wsh/linux/drivers/gpu/drm/i915/i915_pci.o,i915_pci.o,0
gpu,/home/wsh/linux/drivers/gpu/drm/i915/pxp/intel_pxp.o,intel_pxp.o,0
gpu,/home/wsh/linux/drivers/gpu/drm/i915/pxp/intel_pxp_tee.o,intel_pxp_tee.o,0
gpu,/home/wsh/linux/drivers/gpu/drm/i915/pxp/intel_pxp_huc.o,intel_pxp_huc.o,0
gpu,/home/wsh/linux/drivers/gpu/drm/i915/display/intel_dp.o,intel_dp.o,0
gpu,/home/wsh/linux/drivers/gpu/drm/i915/display/intel_display_reset.o,intel_display_reset.o,0
gpu,/home/wsh/linux/drivers/gpu/drm/i915/display/g4x_hdmi.o,g4x_hdmi.o,0
gpu,/home/wsh/linux/drivers/gpu/drm/i915/display/intel_dvo.o,intel_dvo.o,0
gpu,/home/wsh/linux/drivers/gpu/drm/i915/display/intel_pmdemand.o,intel_pmdemand.o,0
gpu,/home/wsh/linux/drivers/gpu/drm/i915/display/intel_psr.o,intel_psr.o,0
gpu,/home/wsh/linux/drivers/gpu/drm/i915/display/intel_display_debugfs.o,intel_display_debugfs.o,0
gpu,/home/wsh/linux/drivers/gpu/drm/i915/display/intel_dpio_phy.o,intel_dpio_phy.o,0
gpu,/home/wsh/linux/drivers/gpu/drm/i915/display/intel_fdi.o,intel_fdi.o,0
gpu,/home/wsh/linux/drivers/gpu/drm/i915/display/vlv_dsi_pll.o,vlv_dsi_pll.o,0
gpu,/home/wsh/linux/drivers/gpu/drm/i915/display/intel_dsb_buffer.o,intel_dsb_buffer.o,0
gpu,/home/wsh/linux/drivers/gpu/drm/i915/display/hsw_ips.o,hsw_ips.o,0
gpu,/home/wsh/linux/drivers/gpu/drm/i915/display/intel_dp_aux_backlight.o,intel_dp_aux_backlight.o,0
gpu,/home/wsh/linux/drivers/gpu/drm/i915/display/intel_hdcp_gsc_message.o,intel_hdcp_gsc_message.o,0
gpu,/home/wsh/linux/drivers/gpu/drm/i915/display/intel_frontbuffer.o,intel_frontbuffer.o,0
gpu,/home/wsh/linux/drivers/gpu/drm/i915/display/g4x_dp.o,g4x_dp.o,0
gpu,/home/wsh/linux/drivers/gpu/drm/i915/display/intel_tv.o,intel_tv.o,0
gpu,/home/wsh/linux/drivers/gpu/drm/i915/display/intel_atomic_plane.o,intel_atomic_plane.o,0
gpu,/home/wsh/linux/drivers/gpu/drm/i915/display/intel_hotplug_irq.o,intel_hotplug_irq.o,0
gpu,/home/wsh/linux/drivers/gpu/drm/i915/display/intel_display_trace.o,intel_display_trace.o,0
gpu,/home/wsh/linux/drivers/gpu/drm/i915/display/intel_fb_pin.o,intel_fb_pin.o,0
gpu,/home/wsh/linux/drivers/gpu/drm/i915/display/intel_dmc.o,intel_dmc.o,0
gpu,/home/wsh/linux/drivers/gpu/drm/i915/display/i9xx_display_sr.o,i9xx_display_sr.o,0
gpu,/home/wsh/linux/drivers/gpu/drm/i915/display/intel_dsi_dcs_backlight.o,intel_dsi_dcs_backlight.o,0
gpu,/home/wsh/linux/drivers/gpu/drm/i915/display/intel_pch_display.o,intel_pch_display.o,0
gpu,/home/wsh/linux/drivers/gpu/drm/i915/display/intel_fb_bo.o,intel_fb_bo.o,0
gpu,/home/wsh/linux/drivers/gpu/drm/i915/display/intel_hdcp_gsc.o,intel_hdcp_gsc.o,0
gpu,/home/wsh/linux/drivers/gpu/drm/i915/display/intel_dp_mst.o,intel_dp_mst.o,0
gpu,/home/wsh/linux/drivers/gpu/drm/i915/display/intel_dpt.o,intel_dpt.o,0
gpu,/home/wsh/linux/drivers/gpu/drm/i915/display/intel_quirks.o,intel_quirks.o,0
gpu,/home/wsh/linux/drivers/gpu/drm/i915/display/intel_display_power.o,intel_display_power.o,0
gpu,/home/wsh/linux/drivers/gpu/drm/i915/display/dvo_ch7xxx.o,dvo_ch7xxx.o,0
gpu,/home/wsh/linux/drivers/gpu/drm/i915/display/intel_lpe_audio.o,intel_lpe_audio.o,0
gpu,/home/wsh/linux/drivers/gpu/drm/i915/display/intel_vga.o,intel_vga.o,0
gpu,/home/wsh/linux/drivers/gpu/drm/i915/display/vlv_dsi.o,vlv_dsi.o,0
gpu,/home/wsh/linux/drivers/gpu/drm/i915/display/intel_dp_hdcp.o,intel_dp_hdcp.o,0
gpu,/home/wsh/linux/drivers/gpu/drm/i915/display/intel_display_snapshot.o,intel_display_snapshot.o,0
gpu,/home/wsh/linux/drivers/gpu/drm/i915/display/intel_dp_aux.o,intel_dp_aux.o,0
gpu,/home/wsh/linux/drivers/gpu/drm/i915/display/intel_display_wa.o,intel_display_wa.o,0
gpu,/home/wsh/linux/drivers/gpu/drm/i915/display/intel_plane_initial.o,intel_plane_initial.o,0
gpu,/home/wsh/linux/drivers/gpu/drm/i915/display/intel_overlay.o,intel_overlay.o,0
gpu,/home/wsh/linux/drivers/gpu/drm/i915/display/intel_dpt_common.o,intel_dpt_common.o,0
gpu,/home/wsh/linux/drivers/gpu/drm/i915/display/intel_dpll.o,intel_dpll.o,0
gpu,/home/wsh/linux/drivers/gpu/drm/i915/display/intel_vrr.o,intel_vrr.o,0
gpu,/home/wsh/linux/drivers/gpu/drm/i915/display/skl_universal_plane.o,skl_universal_plane.o,0
gpu,/home/wsh/linux/drivers/gpu/drm/i915/display/intel_display_power_well.o,intel_display_power_well.o,0
gpu,/home/wsh/linux/drivers/gpu/drm/i915/display/skl_watermark.o,skl_watermark.o,0
gpu,/home/wsh/linux/drivers/gpu/drm/i915/display/intel_fb.o,intel_fb.o,0
gpu,/home/wsh/linux/drivers/gpu/drm/i915/display/intel_alpm.o,intel_alpm.o,0
gpu,/home/wsh/linux/drivers/gpu/drm/i915/display/intel_display_irq.o,intel_display_irq.o,0
gpu,/home/wsh/linux/drivers/gpu/drm/i915/display/intel_dsb.o,intel_dsb.o,0
gpu,/home/wsh/linux/drivers/gpu/drm/i915/display/intel_cursor.o,intel_cursor.o,0
gpu,/home/wsh/linux/drivers/gpu/drm/i915/display/intel_qp_tables.o,intel_qp_tables.o,0
gpu,/home/wsh/linux/drivers/gpu/drm/i915/display/intel_sprite.o,intel_sprite.o,0
gpu,/home/wsh/linux/drivers/gpu/drm/i915/display/intel_display_conversion.o,intel_display_conversion.o,0
gpu,/home/wsh/linux/drivers/gpu/drm/i915/display/intel_hdcp.o,intel_hdcp.o,0
gpu,/home/wsh/linux/drivers/gpu/drm/i915/display/intel_modeset_setup.o,intel_modeset_setup.o,0
gpu,/home/wsh/linux/drivers/gpu/drm/i915/display/intel_modeset_lock.o,intel_modeset_lock.o,0
gpu,/home/wsh/linux/drivers/gpu/drm/i915/display/intel_backlight.o,intel_backlight.o,0
gpu,/home/wsh/linux/drivers/gpu/drm/i915/display/intel_panel.o,intel_panel.o,0
gpu,/home/wsh/linux/drivers/gpu/drm/i915/display/dvo_ch7017.o,dvo_ch7017.o,0
gpu,/home/wsh/linux/drivers/gpu/drm/i915/display/i9xx_plane.o,i9xx_plane.o,0
gpu,/home/wsh/linux/drivers/gpu/drm/i915/display/intel_wm.o,intel_wm.o,0
gpu,/home/wsh/linux/drivers/gpu/drm/i915/display/intel_dpll_mgr.o,intel_dpll_mgr.o,0
gpu,/home/wsh/linux/drivers/gpu/drm/i915/display/icl_dsi.o,icl_dsi.o,0
gpu,/home/wsh/linux/drivers/gpu/drm/i915/display/intel_display_debugfs_params.o,intel_display_debugfs_params.o,0
gpu,/home/wsh/linux/drivers/gpu/drm/i915/display/intel_sprite_uapi.o,intel_sprite_uapi.o,0
gpu,/home/wsh/linux/drivers/gpu/drm/i915/display/intel_fbc.o,intel_fbc.o,0
gpu,/home/wsh/linux/drivers/gpu/drm/i915/display/intel_bo.o,intel_bo.o,0
gpu,/home/wsh/linux/drivers/gpu/drm/i915/display/intel_gmbus.o,intel_gmbus.o,0
gpu,/home/wsh/linux/drivers/gpu/drm/i915/display/i9xx_wm.o,i9xx_wm.o,0
gpu,/home/wsh/linux/drivers/gpu/drm/i915/display/intel_lvds.o,intel_lvds.o,0
gpu,/home/wsh/linux/drivers/gpu/drm/i915/display/intel_dmc_wl.o,intel_dmc_wl.o,0
gpu,/home/wsh/linux/drivers/gpu/drm/i915/display/intel_snps_phy.o,intel_snps_phy.o,0
gpu,/home/wsh/linux/drivers/gpu/drm/i915/display/intel_link_bw.o,intel_link_bw.o,0
gpu,/home/wsh/linux/drivers/gpu/drm/i915/display/intel_display_rps.o,intel_display_rps.o,0
gpu,/home/wsh/linux/drivers/gpu/drm/i915/display/intel_crt.o,intel_crt.o,0
gpu,/home/wsh/linux/drivers/gpu/drm/i915/display/intel_display_device.o,intel_display_device.o,0
gpu,/home/wsh/linux/drivers/gpu/drm/i915/display/intel_dsi_vbt.o,intel_dsi_vbt.o,0
gpu,/home/wsh/linux/drivers/gpu/drm/i915/display/intel_color.o,intel_color.o,0
gpu,/home/wsh/linux/drivers/gpu/drm/i915/display/intel_ddi_buf_trans.o,intel_ddi_buf_trans.o,0
gpu,/home/wsh/linux/drivers/gpu/drm/i915/display/intel_drrs.o,intel_drrs.o,0
gpu,/home/wsh/linux/drivers/gpu/drm/i915/display/intel_hti.o,intel_hti.o,0
gpu,/home/wsh/linux/drivers/gpu/drm/i915/display/intel_dsi.o,intel_dsi.o,0
gpu,/home/wsh/linux/drivers/gpu/drm/i915/display/intel_pfit.o,intel_pfit.o,0
gpu,/home/wsh/linux/drivers/gpu/drm/i915/display/dvo_ns2501.o,dvo_ns2501.o,0
gpu,/home/wsh/linux/drivers/gpu/drm/i915/display/intel_display_params.o,intel_display_params.o,0
gpu,/home/wsh/linux/drivers/gpu/drm/i915/display/dvo_sil164.o,dvo_sil164.o,0
gpu,/home/wsh/linux/drivers/gpu/drm/i915/display/intel_pps.o,intel_pps.o,0
gpu,/home/wsh/linux/drivers/gpu/drm/i915/display/intel_cx0_phy.o,intel_cx0_phy.o,0
gpu,/home/wsh/linux/drivers/gpu/drm/i915/display/intel_lspcon.o,intel_lspcon.o,0
gpu,/home/wsh/linux/drivers/gpu/drm/i915/display/intel_display.o,intel_display.o,0
gpu,/home/wsh/linux/drivers/gpu/drm/i915/display/intel_display_driver.o,intel_display_driver.o,0
gpu,/home/wsh/linux/drivers/gpu/drm/i915/display/intel_dp_link_training.o,intel_dp_link_training.o,0
gpu,/home/wsh/linux/drivers/gpu/drm/i915/display/intel_audio.o,intel_audio.o,0
gpu,/home/wsh/linux/drivers/gpu/drm/i915/display/intel_tc.o,intel_tc.o,0
gpu,/home/wsh/linux/drivers/gpu/drm/i915/display/intel_modeset_verify.o,intel_modeset_verify.o,0
gpu,/home/wsh/linux/drivers/gpu/drm/i915/display/intel_connector.o,intel_connector.o,0
gpu,/home/wsh/linux/drivers/gpu/drm/i915/display/intel_dkl_phy.o,intel_dkl_phy.o,0
gpu,/home/wsh/linux/drivers/gpu/drm/i915/display/skl_scaler.o,skl_scaler.o,0
gpu,/home/wsh/linux/drivers/gpu/drm/i915/display/intel_hdmi.o,intel_hdmi.o,0
gpu,/home/wsh/linux/drivers/gpu/drm/i915/display/intel_encoder.o,intel_encoder.o,0
gpu,/home/wsh/linux/drivers/gpu/drm/i915/display/intel_pipe_crc.o,intel_pipe_crc.o,0
gpu,/home/wsh/linux/drivers/gpu/drm/i915/display/intel_sdvo.o,intel_sdvo.o,0
gpu,/home/wsh/linux/drivers/gpu/drm/i915/display/intel_crtc_state_dump.o,intel_crtc_state_dump.o,0
gpu,/home/wsh/linux/drivers/gpu/drm/i915/display/intel_display_power_map.o,intel_display_power_map.o,0
gpu,/home/wsh/linux/drivers/gpu/drm/i915/display/intel_ddi.o,intel_ddi.o,0
gpu,/home/wsh/linux/drivers/gpu/drm/i915/display/intel_dp_test.o,intel_dp_test.o,0
gpu,/home/wsh/linux/drivers/gpu/drm/i915/display/intel_vdsc.o,intel_vdsc.o,0
gpu,/home/wsh/linux/drivers/gpu/drm/i915/display/intel_bios.o,intel_bios.o,0
gpu,/home/wsh/linux/drivers/gpu/drm/i915/display/intel_global_state.o,intel_global_state.o,0
gpu,/home/wsh/linux/drivers/gpu/drm/i915/display/intel_opregion.o,intel_opregion.o,0
gpu,/home/wsh/linux/drivers/gpu/drm/i915/display/dvo_ivch.o,dvo_ivch.o,0
gpu,/home/wsh/linux/drivers/gpu/drm/i915/display/intel_bw.o,intel_bw.o,0
gpu,/home/wsh/linux/drivers/gpu/drm/i915/display/intel_cdclk.o,intel_cdclk.o,0
gpu,/home/wsh/linux/drivers/gpu/drm/i915/display/dvo_tfp410.o,dvo_tfp410.o,0
gpu,/home/wsh/linux/drivers/gpu/drm/i915/display/intel_fifo_underrun.o,intel_fifo_underrun.o,0
gpu,/home/wsh/linux/drivers/gpu/drm/i915/display/intel_hotplug.o,intel_hotplug.o,0
gpu,/home/wsh/linux/drivers/gpu/drm/i915/display/intel_atomic.o,intel_atomic.o,0
gpu,/home/wsh/linux/drivers/gpu/drm/i915/display/intel_load_detect.o,intel_load_detect.o,0
gpu,/home/wsh/linux/drivers/gpu/drm/i915/display/intel_crtc.o,intel_crtc.o,0
gpu,/home/wsh/linux/drivers/gpu/drm/i915/display/intel_acpi.o,intel_acpi.o,0
gpu,/home/wsh/linux/drivers/gpu/drm/i915/display/intel_pch_refclk.o,intel_pch_refclk.o,0
gpu,/home/wsh/linux/drivers/gpu/drm/i915/display/intel_combo_phy.o,intel_combo_phy.o,0
gpu,/home/wsh/linux/drivers/gpu/drm/i915/display/intel_vblank.o,intel_vblank.o,0
gpu,/home/wsh/linux/drivers/gpu/drm/i915/soc/intel_pch.o,intel_pch.o,0
gpu,/home/wsh/linux/drivers/gpu/drm/i915/soc/intel_dram.o,intel_dram.o,0
gpu,/home/wsh/linux/drivers/gpu/drm/i915/soc/intel_rom.o,intel_rom.o,0
gpu,/home/wsh/linux/drivers/gpu/drm/i915/soc/intel_gmch.o,intel_gmch.o,0
gpu,/home/wsh/linux/drivers/gpu/drm/i915/gt/intel_gt_irq.o,intel_gt_irq.o,0
gpu,/home/wsh/linux/drivers/gpu/drm/i915/gt/intel_context.o,intel_context.o,0
gpu,/home/wsh/linux/drivers/gpu/drm/i915/gt/intel_gt_mcr.o,intel_gt_mcr.o,0
gpu,/home/wsh/linux/drivers/gpu/drm/i915/gt/shmem_utils.o,shmem_utils.o,0
gpu,/home/wsh/linux/drivers/gpu/drm/i915/gt/intel_breadcrumbs.o,intel_breadcrumbs.o,0
gpu,/home/wsh/linux/drivers/gpu/drm/i915/gt/intel_ring_submission.o,intel_ring_submission.o,0
gpu,/home/wsh/linux/drivers/gpu/drm/i915/gt/intel_ggtt_gmch.o,intel_ggtt_gmch.o,0
gpu,/home/wsh/linux/drivers/gpu/drm/i915/gt/sysfs_engines.o,sysfs_engines.o,0
gpu,/home/wsh/linux/drivers/gpu/drm/i915/gt/intel_gt_pm_irq.o,intel_gt_pm_irq.o,0
gpu,/home/wsh/linux/drivers/gpu/drm/i915/gt/intel_sseu.o,intel_sseu.o,0
gpu,/home/wsh/linux/drivers/gpu/drm/i915/gt/intel_timeline.o,intel_timeline.o,0
gpu,/home/wsh/linux/drivers/gpu/drm/i915/gt/gen6_engine_cs.o,gen6_engine_cs.o,0
gpu,/home/wsh/linux/drivers/gpu/drm/i915/gt/intel_gt_pm.o,intel_gt_pm.o,0
gpu,/home/wsh/linux/drivers/gpu/drm/i915/gt/intel_wopcm.o,intel_wopcm.o,0
gpu,/home/wsh/linux/drivers/gpu/drm/i915/gt/intel_engine_pm.o,intel_engine_pm.o,0
gpu,/home/wsh/linux/drivers/gpu/drm/i915/gt/intel_gt_requests.o,intel_gt_requests.o,0
gpu,/home/wsh/linux/drivers/gpu/drm/i915/gt/gen6_renderstate.o,gen6_renderstate.o,0
gpu,/home/wsh/linux/drivers/gpu/drm/i915/gt/intel_gsc.o,intel_gsc.o,0
gpu,/home/wsh/linux/drivers/gpu/drm/i915/gt/intel_renderstate.o,intel_renderstate.o,0
gpu,/home/wsh/linux/drivers/gpu/drm/i915/gt/intel_gt_buffer_pool.o,intel_gt_buffer_pool.o,0
gpu,/home/wsh/linux/drivers/gpu/drm/i915/gt/intel_context_sseu.o,intel_context_sseu.o,0
gpu,/home/wsh/linux/drivers/gpu/drm/i915/gt/gen6_ppgtt.o,gen6_ppgtt.o,0
gpu,/home/wsh/linux/drivers/gpu/drm/i915/gt/intel_lrc.o,intel_lrc.o,0
gpu,/home/wsh/linux/drivers/gpu/drm/i915/gt/intel_gtt.o,intel_gtt.o,0
gpu,/home/wsh/linux/drivers/gpu/drm/i915/gt/intel_region_lmem.o,intel_region_lmem.o,0
gpu,/home/wsh/linux/drivers/gpu/drm/i915/gt/intel_ppgtt.o,intel_ppgtt.o,0
gpu,/home/wsh/linux/drivers/gpu/drm/i915/gt/gen8_ppgtt.o,gen8_ppgtt.o,0
gpu,/home/wsh/linux/drivers/gpu/drm/i915/gt/intel_ggtt.o,intel_ggtt.o,0
gpu,/home/wsh/linux/drivers/gpu/drm/i915/gt/intel_sa_media.o,intel_sa_media.o,0
gpu,/home/wsh/linux/drivers/gpu/drm/i915/gt/intel_gt_debugfs.o,intel_gt_debugfs.o,0
gpu,/home/wsh/linux/drivers/gpu/drm/i915/gt/intel_gt_sysfs.o,intel_gt_sysfs.o,0
gpu,/home/wsh/linux/drivers/gpu/drm/i915/gt/intel_ggtt_fencing.o,intel_ggtt_fencing.o,0
gpu,/home/wsh/linux/drivers/gpu/drm/i915/gt/intel_reset.o,intel_reset.o,0
gpu,/home/wsh/linux/drivers/gpu/drm/i915/gt/intel_migrate.o,intel_migrate.o,0
gpu,/home/wsh/linux/drivers/gpu/drm/i915/gt/intel_gt.o,intel_gt.o,0
gpu,/home/wsh/linux/drivers/gpu/drm/i915/gt/gen2_engine_cs.o,gen2_engine_cs.o,0
gpu,/home/wsh/linux/drivers/gpu/drm/i915/gt/gen7_renderstate.o,gen7_renderstate.o,0
gpu,/home/wsh/linux/drivers/gpu/drm/i915/gt/gen7_renderclear.o,gen7_renderclear.o,0
gpu,/home/wsh/linux/drivers/gpu/drm/i915/gt/intel_rps.o,intel_rps.o,0
gpu,/home/wsh/linux/drivers/gpu/drm/i915/gt/gen8_engine_cs.o,gen8_engine_cs.o,0
gpu,/home/wsh/linux/drivers/gpu/drm/i915/gt/intel_engine_cs.o,intel_engine_cs.o,0
gpu,/home/wsh/linux/drivers/gpu/drm/i915/gt/intel_mocs.o,intel_mocs.o,0
gpu,/home/wsh/linux/drivers/gpu/drm/i915/gt/intel_ring.o,intel_ring.o,0
gpu,/home/wsh/linux/drivers/gpu/drm/i915/gt/intel_gt_sysfs_pm.o,intel_gt_sysfs_pm.o,0
gpu,/home/wsh/linux/drivers/gpu/drm/i915/gt/intel_llc.o,intel_llc.o,0
gpu,/home/wsh/linux/drivers/gpu/drm/i915/gt/intel_execlists_submission.o,intel_execlists_submission.o,0
gpu,/home/wsh/linux/drivers/gpu/drm/i915/gt/intel_workarounds.o,intel_workarounds.o,0
gpu,/home/wsh/linux/drivers/gpu/drm/i915/gt/intel_gt_ccs_mode.o,intel_gt_ccs_mode.o,0
gpu,/home/wsh/linux/drivers/gpu/drm/i915/gt/intel_engine_user.o,intel_engine_user.o,0
gpu,/home/wsh/linux/drivers/gpu/drm/i915/gt/gen9_renderstate.o,gen9_renderstate.o,0
gpu,/home/wsh/linux/drivers/gpu/drm/i915/gt/intel_engine_heartbeat.o,intel_engine_heartbeat.o,0
gpu,/home/wsh/linux/drivers/gpu/drm/i915/gt/gen8_renderstate.o,gen8_renderstate.o,0
gpu,/home/wsh/linux/drivers/gpu/drm/i915/gt/intel_gt_clock_utils.o,intel_gt_clock_utils.o,0
gpu,/home/wsh/linux/drivers/gpu/drm/i915/gt/intel_rc6.o,intel_rc6.o,0
gpu,/home/wsh/linux/drivers/gpu/drm/i915/gt/intel_gt_engines_debugfs.o,intel_gt_engines_debugfs.o,0
gpu,/home/wsh/linux/drivers/gpu/drm/i915/gt/intel_gt_pm_debugfs.o,intel_gt_pm_debugfs.o,0
gpu,/home/wsh/linux/drivers/gpu/drm/i915/gt/intel_sseu_debugfs.o,intel_sseu_debugfs.o,0
gpu,/home/wsh/linux/drivers/gpu/drm/i915/gt/intel_tlb.o,intel_tlb.o,0
gpu,/home/wsh/linux/drivers/gpu/drm/i915/gt/uc/intel_guc_log_debugfs.o,intel_guc_log_debugfs.o,0
gpu,/home/wsh/linux/drivers/gpu/drm/i915/gt/uc/intel_huc.o,intel_huc.o,0
gpu,/home/wsh/linux/drivers/gpu/drm/i915/gt/uc/intel_guc_ct.o,intel_guc_ct.o,0
gpu,/home/wsh/linux/drivers/gpu/drm/i915/gt/uc/intel_guc_capture.o,intel_guc_capture.o,0
gpu,/home/wsh/linux/drivers/gpu/drm/i915/gt/uc/intel_uc_fw.o,intel_uc_fw.o,0
gpu,/home/wsh/linux/drivers/gpu/drm/i915/gt/uc/intel_guc_hwconfig.o,intel_guc_hwconfig.o,0
gpu,/home/wsh/linux/drivers/gpu/drm/i915/gt/uc/intel_uc_debugfs.o,intel_uc_debugfs.o,0
gpu,/home/wsh/linux/drivers/gpu/drm/i915/gt/uc/intel_guc_submission.o,intel_guc_submission.o,0
gpu,/home/wsh/linux/drivers/gpu/drm/i915/gt/uc/intel_guc_fw.o,intel_guc_fw.o,0
gpu,/home/wsh/linux/drivers/gpu/drm/i915/gt/uc/intel_gsc_uc.o,intel_gsc_uc.o,0
gpu,/home/wsh/linux/drivers/gpu/drm/i915/gt/uc/intel_guc_rc.o,intel_guc_rc.o,0
gpu,/home/wsh/linux/drivers/gpu/drm/i915/gt/uc/intel_guc_debugfs.o,intel_guc_debugfs.o,0
gpu,/home/wsh/linux/drivers/gpu/drm/i915/gt/uc/intel_gsc_uc_heci_cmd_submit.o,intel_gsc_uc_heci_cmd_submit.o,0
gpu,/home/wsh/linux/drivers/gpu/drm/i915/gt/uc/intel_guc_ads.o,intel_guc_ads.o,0
gpu,/home/wsh/linux/drivers/gpu/drm/i915/gt/uc/intel_huc_debugfs.o,intel_huc_debugfs.o,0
gpu,/home/wsh/linux/drivers/gpu/drm/i915/gt/uc/intel_guc_slpc.o,intel_guc_slpc.o,0
gpu,/home/wsh/linux/drivers/gpu/drm/i915/gt/uc/intel_huc_fw.o,intel_huc_fw.o,0
gpu,/home/wsh/linux/drivers/gpu/drm/i915/gt/uc/intel_gsc_fw.o,intel_gsc_fw.o,0
gpu,/home/wsh/linux/drivers/gpu/drm/i915/gt/uc/intel_uc.o,intel_uc.o,0
gpu,/home/wsh/linux/drivers/gpu/drm/i915/gt/uc/intel_guc.o,intel_guc.o,0
gpu,/home/wsh/linux/drivers/gpu/drm/i915/gt/uc/intel_gsc_proxy.o,intel_gsc_proxy.o,0
gpu,/home/wsh/linux/drivers/gpu/drm/i915/gt/uc/intel_gsc_uc_debugfs.o,intel_gsc_uc_debugfs.o,0
gpu,/home/wsh/linux/drivers/gpu/drm/i915/gt/uc/intel_guc_log.o,intel_guc_log.o,0
gpu,/home/wsh/linux/drivers/gpu/drm/i915/gem/i915_gem_wait.o,i915_gem_wait.o,0
gpu,/home/wsh/linux/drivers/gpu/drm/i915/gem/i915_gem_create.o,i915_gem_create.o,0
gpu,/home/wsh/linux/drivers/gpu/drm/i915/gem/i915_gem_userptr.o,i915_gem_userptr.o,0
gpu,/home/wsh/linux/drivers/gpu/drm/i915/gem/i915_gem_shrinker.o,i915_gem_shrinker.o,0
gpu,/home/wsh/linux/drivers/gpu/drm/i915/gem/i915_gem_context.o,i915_gem_context.o,0
gpu,/home/wsh/linux/drivers/gpu/drm/i915/gem/i915_gem_ttm_pm.o,i915_gem_ttm_pm.o,0
gpu,/home/wsh/linux/drivers/gpu/drm/i915/gem/i915_gem_dmabuf.o,i915_gem_dmabuf.o,0
gpu,/home/wsh/linux/drivers/gpu/drm/i915/gem/i915_gem_pm.o,i915_gem_pm.o,0
gpu,/home/wsh/linux/drivers/gpu/drm/i915/gem/i915_gem_pages.o,i915_gem_pages.o,0
gpu,/home/wsh/linux/drivers/gpu/drm/i915/gem/i915_gem_ttm_move.o,i915_gem_ttm_move.o,0
gpu,/home/wsh/linux/drivers/gpu/drm/i915/gem/i915_gem_shmem.o,i915_gem_shmem.o,0
gpu,/home/wsh/linux/drivers/gpu/drm/i915/gem/i915_gem_stolen.o,i915_gem_stolen.o,0
gpu,/home/wsh/linux/drivers/gpu/drm/i915/gem/i915_gem_region.o,i915_gem_region.o,0
gpu,/home/wsh/linux/drivers/gpu/drm/i915/gem/i915_gem_lmem.o,i915_gem_lmem.o,0
gpu,/home/wsh/linux/drivers/gpu/drm/i915/gem/i915_gem_ttm.o,i915_gem_ttm.o,0
gpu,/home/wsh/linux/drivers/gpu/drm/i915/gem/i915_gem_internal.o,i915_gem_internal.o,0
gpu,/home/wsh/linux/drivers/gpu/drm/i915/gem/i915_gem_execbuffer.o,i915_gem_execbuffer.o,0
gpu,/home/wsh/linux/drivers/gpu/drm/i915/gem/i915_gem_tiling.o,i915_gem_tiling.o,0
gpu,/home/wsh/linux/drivers/gpu/drm/i915/gem/i915_gem_domain.o,i915_gem_domain.o,0
gpu,/home/wsh/linux/drivers/gpu/drm/i915/gem/i915_gem_throttle.o,i915_gem_throttle.o,0
gpu,/home/wsh/linux/drivers/gpu/drm/i915/gem/i915_gemfs.o,i915_gemfs.o,0
gpu,/home/wsh/linux/drivers/gpu/drm/i915/gem/i915_gem_clflush.o,i915_gem_clflush.o,0
gpu,/home/wsh/linux/drivers/gpu/drm/i915/gem/i915_gem_mman.o,i915_gem_mman.o,0
gpu,/home/wsh/linux/drivers/gpu/drm/i915/gem/i915_gem_busy.o,i915_gem_busy.o,0
gpu,/home/wsh/linux/drivers/gpu/drm/i915/gem/i915_gem_phys.o,i915_gem_phys.o,0
gpu,/home/wsh/linux/drivers/gpu/drm/i915/gem/i915_gem_object.o,i915_gem_object.o,0
gpu,/home/wsh/linux/drivers/gpu/drm/virtio/virtgpu_submit.o,virtgpu_submit.o,0
gpu,/home/wsh/linux/drivers/gpu/drm/virtio/virtgpu_ioctl.o,virtgpu_ioctl.o,0
gpu,/home/wsh/linux/drivers/gpu/drm/virtio/virtgpu_gem.o,virtgpu_gem.o,0
gpu,/home/wsh/linux/drivers/gpu/drm/virtio/virtgpu_object.o,virtgpu_object.o,0
gpu,/home/wsh/linux/drivers/gpu/drm/virtio/virtgpu_vram.o,virtgpu_vram.o,0
gpu,/home/wsh/linux/drivers/gpu/drm/virtio/virtgpu_kms.o,virtgpu_kms.o,0
gpu,/home/wsh/linux/drivers/gpu/drm/virtio/virtgpu_plane.o,virtgpu_plane.o,0
gpu,/home/wsh/linux/drivers/gpu/drm/virtio/virtgpu_drv.o,virtgpu_drv.o,0
gpu,/home/wsh/linux/drivers/gpu/drm/virtio/virtgpu_prime.o,virtgpu_prime.o,0
gpu,/home/wsh/linux/drivers/gpu/drm/virtio/virtgpu_fence.o,virtgpu_fence.o,0
gpu,/home/wsh/linux/drivers/gpu/drm/virtio/virtgpu_trace_points.o,virtgpu_trace_points.o,0
gpu,/home/wsh/linux/drivers/gpu/drm/virtio/virtgpu_display.o,virtgpu_display.o,0
gpu,/home/wsh/linux/drivers/gpu/drm/virtio/virtgpu_debugfs.o,virtgpu_debugfs.o,0
gpu,/home/wsh/linux/drivers/gpu/drm/virtio/virtgpu_vq.o,virtgpu_vq.o,0
md,/home/wsh/linux/drivers/md/dm-log.o,dm-log.o,0
md,/home/wsh/linux/drivers/md/dm-kcopyd.o,dm-kcopyd.o,0
md,/home/wsh/linux/drivers/md/dm-rq.o,dm-rq.o,0
md,/home/wsh/linux/drivers/md/dm-zero.o,dm-zero.o,0
md,/home/wsh/linux/drivers/md/dm-ioctl.o,dm-ioctl.o,0
md,/home/wsh/linux/drivers/md/dm-region-hash.o,dm-region-hash.o,0
md,/home/wsh/linux/drivers/md/dm-target.o,dm-target.o,0
md,/home/wsh/linux/drivers/md/md-autodetect.o,md-autodetect.o,0
md,/home/wsh/linux/drivers/md/dm-stripe.o,dm-stripe.o,0
md,/home/wsh/linux/drivers/md/dm-table.o,dm-table.o,0
md,/home/wsh/linux/drivers/md/md-bitmap.o,md-bitmap.o,0
md,/home/wsh/linux/drivers/md/dm-io-rewind.o,dm-io-rewind.o,0
md,/home/wsh/linux/drivers/md/dm-io.o,dm-io.o,0
md,/home/wsh/linux/drivers/md/dm-builtin.o,dm-builtin.o,0
md,/home/wsh/linux/drivers/md/dm-linear.o,dm-linear.o,0
md,/home/wsh/linux/drivers/md/dm-sysfs.o,dm-sysfs.o,0
md,/home/wsh/linux/drivers/md/md.o,md.o,0
md,/home/wsh/linux/drivers/md/dm-stats.o,dm-stats.o,0
md,/home/wsh/linux/drivers/md/dm-raid1.o,dm-raid1.o,0
md,/home/wsh/linux/drivers/md/dm.o,dm.o,0
firmware,/home/wsh/linux/drivers/firmware/dmi_scan.o,dmi_scan.o,0
firmware,/home/wsh/linux/drivers/firmware/dmi-id.o,dmi-id.o,0
firmware,/home/wsh/linux/drivers/firmware/memmap.o,memmap.o,0
firmware,/home/wsh/linux/drivers/firmware/efi/efi-bgrt.o,efi-bgrt.o,0
firmware,/home/wsh/linux/drivers/firmware/efi/runtime-wrappers.o,runtime-wrappers.o,0
firmware,/home/wsh/linux/drivers/firmware/efi/earlycon.o,earlycon.o,0
firmware,/home/wsh/linux/drivers/firmware/efi/efi.o,efi.o,0
firmware,/home/wsh/linux/drivers/firmware/efi/memmap.o,memmap.o,0
firmware,/home/wsh/linux/drivers/firmware/efi/vars.o,vars.o,0
firmware,/home/wsh/linux/drivers/firmware/efi/reboot.o,reboot.o,0
firmware,/home/wsh/linux/drivers/firmware/efi/tpm.o,tpm.o,0
firmware,/home/wsh/linux/drivers/firmware/efi/esrt.o,esrt.o,0
firmware,/home/wsh/linux/drivers/firmware/efi/memattr.o,memattr.o,0
firmware,/home/wsh/linux/drivers/firmware/efi/libstub/printk.stub.o,printk.stub.o,0
firmware,/home/wsh/linux/drivers/firmware/efi/libstub/file.stub.o,file.stub.o,0
firmware,/home/wsh/linux/drivers/firmware/efi/libstub/smbios.o,smbios.o,0
firmware,/home/wsh/linux/drivers/firmware/efi/libstub/mem.o,mem.o,0
firmware,/home/wsh/linux/drivers/firmware/efi/libstub/smbios.stub.o,smbios.stub.o,0
firmware,/home/wsh/linux/drivers/firmware/efi/libstub/mem.stub.o,mem.stub.o,0
firmware,/home/wsh/linux/drivers/firmware/efi/libstub/lib-cmdline.stub.o,lib-cmdline.stub.o,0
firmware,/home/wsh/linux/drivers/firmware/efi/libstub/lib-ctype.o,lib-ctype.o,0
firmware,/home/wsh/linux/drivers/firmware/efi/libstub/file.o,file.o,0
firmware,/home/wsh/linux/drivers/firmware/efi/libstub/tpm.stub.o,tpm.stub.o,0
firmware,/home/wsh/linux/drivers/firmware/efi/libstub/x86-5lvl.stub.o,x86-5lvl.stub.o,0
firmware,/home/wsh/linux/drivers/firmware/efi/libstub/pci.o,pci.o,0
firmware,/home/wsh/linux/drivers/firmware/efi/libstub/efi-stub-helper.o,efi-stub-helper.o,0
firmware,/home/wsh/linux/drivers/firmware/efi/libstub/vsprintf.o,vsprintf.o,0
firmware,/home/wsh/linux/drivers/firmware/efi/libstub/printk.o,printk.o,0
firmware,/home/wsh/linux/drivers/firmware/efi/libstub/relocate.o,relocate.o,0
firmware,/home/wsh/linux/drivers/firmware/efi/libstub/x86-stub.stub.o,x86-stub.stub.o,0
firmware,/home/wsh/linux/drivers/firmware/efi/libstub/alignedmem.o,alignedmem.o,0
firmware,/home/wsh/linux/drivers/firmware/efi/libstub/secureboot.stub.o,secureboot.stub.o,0
firmware,/home/wsh/linux/drivers/firmware/efi/libstub/alignedmem.stub.o,alignedmem.stub.o,0
firmware,/home/wsh/linux/drivers/firmware/efi/libstub/skip_spaces.stub.o,skip_spaces.stub.o,0
firmware,/home/wsh/linux/drivers/firmware/efi/libstub/randomalloc.o,randomalloc.o,0
firmware,/home/wsh/linux/drivers/firmware/efi/libstub/random.stub.o,random.stub.o,0
firmware,/home/wsh/linux/drivers/firmware/efi/libstub/secureboot.o,secureboot.o,0
firmware,/home/wsh/linux/drivers/firmware/efi/libstub/skip_spaces.o,skip_spaces.o,0
firmware,/home/wsh/linux/drivers/firmware/efi/libstub/gop.stub.o,gop.stub.o,0
firmware,/home/wsh/linux/drivers/firmware/efi/libstub/vsprintf.stub.o,vsprintf.stub.o,0
firmware,/home/wsh/linux/drivers/firmware/efi/libstub/lib-cmdline.o,lib-cmdline.o,0
firmware,/home/wsh/linux/drivers/firmware/efi/libstub/random.o,random.o,0
firmware,/home/wsh/linux/drivers/firmware/efi/libstub/x86-5lvl.o,x86-5lvl.o,0
firmware,/home/wsh/linux/drivers/firmware/efi/libstub/tpm.o,tpm.o,0
firmware,/home/wsh/linux/drivers/firmware/efi/libstub/efi-stub-helper.stub.o,efi-stub-helper.stub.o,0
firmware,/home/wsh/linux/drivers/firmware/efi/libstub/x86-stub.o,x86-stub.o,0
firmware,/home/wsh/linux/drivers/firmware/efi/libstub/lib-ctype.stub.o,lib-ctype.stub.o,0
firmware,/home/wsh/linux/drivers/firmware/efi/libstub/relocate.stub.o,relocate.stub.o,0
firmware,/home/wsh/linux/drivers/firmware/efi/libstub/gop.o,gop.o,0
firmware,/home/wsh/linux/drivers/firmware/efi/libstub/pci.stub.o,pci.stub.o,0
firmware,/home/wsh/linux/drivers/firmware/efi/libstub/randomalloc.stub.o,randomalloc.stub.o,0
input,/home/wsh/linux/drivers/input/evdev.o,evdev.o,0
input,/home/wsh/linux/drivers/input/input-leds.o,input-leds.o,0
input,/home/wsh/linux/drivers/input/ff-core.o,ff-core.o,0
input,/home/wsh/linux/drivers/input/ff-memless.o,ff-memless.o,0
input,/home/wsh/linux/drivers/input/touchscreen.o,touchscreen.o,0
input,/home/wsh/linux/drivers/input/sparse-keymap.o,sparse-keymap.o,0
input,/home/wsh/linux/drivers/input/vivaldi-fmap.o,vivaldi-fmap.o,0
input,/home/wsh/linux/drivers/input/input-poller.o,input-poller.o,0
input,/home/wsh/linux/drivers/input/input-compat.o,input-compat.o,0
input,/home/wsh/linux/drivers/input/input-mt.o,input-mt.o,0
input,/home/wsh/linux/drivers/input/input.o,input.o,0
input,/home/wsh/linux/drivers/input/keyboard/atkbd.o,atkbd.o,0
input,/home/wsh/linux/drivers/input/serio/serio.o,serio.o,0
input,/home/wsh/linux/drivers/input/serio/libps2.o,libps2.o,0
input,/home/wsh/linux/drivers/input/serio/serport.o,serport.o,0
input,/home/wsh/linux/drivers/input/serio/i8042.o,i8042.o,0
input,/home/wsh/linux/drivers/input/mouse/psmouse-smbus.o,psmouse-smbus.o,0
input,/home/wsh/linux/drivers/input/mouse/logips2pp.o,logips2pp.o,0
input,/home/wsh/linux/drivers/input/mouse/psmouse-base.o,psmouse-base.o,0
input,/home/wsh/linux/drivers/input/mouse/lifebook.o,lifebook.o,0
input,/home/wsh/linux/drivers/input/mouse/synaptics.o,synaptics.o,0
input,/home/wsh/linux/drivers/input/mouse/byd.o,byd.o,0
input,/home/wsh/linux/drivers/input/mouse/alps.o,alps.o,0
input,/home/wsh/linux/drivers/input/mouse/trackpoint.o,trackpoint.o,0
input,/home/wsh/linux/drivers/input/mouse/cypress_ps2.o,cypress_ps2.o,0
input,/home/wsh/linux/drivers/input/mouse/focaltech.o,focaltech.o,0
video,/home/wsh/linux/drivers/video/nomodeset.o,nomodeset.o,0
video,/home/wsh/linux/drivers/video/aperture.o,aperture.o,0
video,/home/wsh/linux/drivers/video/hdmi.o,hdmi.o,0
video,/home/wsh/linux/drivers/video/cmdline.o,cmdline.o,0
video,/home/wsh/linux/drivers/video/backlight/backlight.o,backlight.o,0
video,/home/wsh/linux/drivers/video/console/vgacon.o,vgacon.o,0
video,/home/wsh/linux/drivers/video/console/dummycon.o,dummycon.o,0
virtio,/home/wsh/linux/drivers/virtio/virtio_pci_common.o,virtio_pci_common.o,0
virtio,/home/wsh/linux/drivers/virtio/virtio.o,virtio.o,0
virtio,/home/wsh/linux/drivers/virtio/virtio_input.o,virtio_input.o,0
virtio,/home/wsh/linux/drivers/virtio/virtio_anchor.o,virtio_anchor.o,0
virtio,/home/wsh/linux/drivers/virtio/virtio_pci_admin_legacy_io.o,virtio_pci_admin_legacy_io.o,0
virtio,/home/wsh/linux/drivers/virtio/virtio_pci_legacy_dev.o,virtio_pci_legacy_dev.o,0
virtio,/home/wsh/linux/drivers/virtio/virtio_pci_legacy.o,virtio_pci_legacy.o,0
virtio,/home/wsh/linux/drivers/virtio/virtio_ring.o,virtio_ring.o,0
virtio,/home/wsh/linux/drivers/virtio/virtio_dma_buf.o,virtio_dma_buf.o,0
virtio,/home/wsh/linux/drivers/virtio/virtio_pci_modern_dev.o,virtio_pci_modern_dev.o,0
virtio,/home/wsh/linux/drivers/virtio/virtio_pci_modern.o,virtio_pci_modern.o,0
thermal,/home/wsh/linux/drivers/thermal/thermal_netlink.o,thermal_netlink.o,0
thermal,/home/wsh/linux/drivers/thermal/gov_step_wise.o,gov_step_wise.o,0
thermal,/home/wsh/linux/drivers/thermal/thermal_trip.o,thermal_trip.o,0
thermal,/home/wsh/linux/drivers/thermal/thermal_sysfs.o,thermal_sysfs.o,0
thermal,/home/wsh/linux/drivers/thermal/thermal_helpers.o,thermal_helpers.o,0
thermal,/home/wsh/linux/drivers/thermal/thermal_hwmon.o,thermal_hwmon.o,0
thermal,/home/wsh/linux/drivers/thermal/thermal_core.o,thermal_core.o,0
thermal,/home/wsh/linux/drivers/thermal/thermal_thresholds.o,thermal_thresholds.o,0
thermal,/home/wsh/linux/drivers/thermal/intel/x86_pkg_temp_thermal.o,x86_pkg_temp_thermal.o,0
thermal,/home/wsh/linux/drivers/thermal/intel/x86_pkg_temp_thermal.mod.o,x86_pkg_temp_thermal.mod.o,0
thermal,/home/wsh/linux/drivers/thermal/intel/intel_tcc.o,intel_tcc.o,0
thermal,/home/wsh/linux/drivers/thermal/intel/therm_throt.o,therm_throt.o,0
char,/home/wsh/linux/drivers/char/nvram.o,nvram.o,0
char,/home/wsh/linux/drivers/char/mem.o,mem.o,0
char,/home/wsh/linux/drivers/char/hpet.o,hpet.o,0
char,/home/wsh/linux/drivers/char/random.o,random.o,0
char,/home/wsh/linux/drivers/char/misc.o,misc.o,0
char,/home/wsh/linux/drivers/char/virtio_console.o,virtio_console.o,0
char,/home/wsh/linux/drivers/char/agp/backend.o,backend.o,0
char,/home/wsh/linux/drivers/char/agp/generic.o,generic.o,0
char,/home/wsh/linux/drivers/char/agp/isoch.o,isoch.o,0
char,/home/wsh/linux/drivers/char/agp/intel-gtt.o,intel-gtt.o,0
char,/home/wsh/linux/drivers/char/agp/amd64-agp.o,amd64-agp.o,0
char,/home/wsh/linux/drivers/char/agp/intel-agp.o,intel-agp.o,0
char,/home/wsh/linux/drivers/char/hw_random/core.o,core.o,0
char,/home/wsh/linux/drivers/char/hw_random/via-rng.o,via-rng.o,0
power,/home/wsh/linux/drivers/power/supply/power_supply_core.o,power_supply_core.o,0
power,/home/wsh/linux/drivers/power/supply/power_supply_leds.o,power_supply_leds.o,0
power,/home/wsh/linux/drivers/power/supply/power_supply_sysfs.o,power_supply_sysfs.o,0
power,/home/wsh/linux/drivers/power/supply/power_supply_hwmon.o,power_supply_hwmon.o,0
